campaign,cell_id,replication,development_seed,analysis_seed,execution_sha256,source_route,candidate_policy_id,candidate_index,runner_up_policy_id,development_pareto_set_size,development_candidate_score,development_score_margin,candidate_completed,candidate_stopping_count,candidate_decision_checks,full_completed,full_stopping_count,full_decision_checks,paired_restricted_difference,empirical_heldout_candidate_pareto,development_season_count,confirmation_season_count,runtime_seconds,persistent_infrastructure_failure,failure_message,closest_challenger_policy_id,closest_orthant_effect,closest_covariance_rank,closest_covariance_condition,closest_max_abs_marginal_skew,closest_max_abs_excess_kurtosis
application_primary,APP-PRIMARY,0,1000000,2000000,36d201bf6a31f2ee460def09401e3e388e1b802b79e2919ddb3cd55895811b47,B-private-mirror,hard_09,9,hard_13,7,0.41745054643272267,0.13254945356727738,True,53,10,False,2000,399,1947,True,4,4,0.18103739500000415,False,,hard_03,0.7280223888015924,3,24344.96079426545,0.9022187995771741,1.108813541794037
application_primary,APP-PRIMARY,1,1000001,2000001,36d201bf6a31f2ee460def09401e3e388e1b802b79e2919ddb3cd55895811b47,B-private-mirror,hard_09,9,hard_02,7,0.45,0.07809922393238561,True,58,11,False,2000,399,1942,True,4,4,0.17899419500000135,False,,hard_03,0.7597514766763466,3,23422.938168782875,0.9186914684695122,1.1286581270424125
application_primary,APP-PRIMARY,2,1000002,2000002,36d201bf6a31f2ee460def09401e3e388e1b802b79e2919ddb3cd55895811b47,B-private-mirror,hard_09,9,hard_01,7,0.34436715180874033,0.12346039428935318,True,48,9,False,2000,399,1952,True,4,4,0.20242030399998612,False,,hard_03,0.741077581671573,3,24606.224571778574,0.9106916669638049,1.0784017798043724
application_primary,APP-PRIMARY,3,1000003,2000003,36d201bf6a31f2ee460def09401e3e388e1b802b79e2919ddb3cd55895811b47,B-private-mirror,hard_09,9,hard_13,5,0.37731790262338083,0.1055299177593435,True,48,9,False,2000,399,1952,True,4,4,0.19943519599999604,False,,hard_03,0.7425398473594704,3,24220.274021166584,0.9509163659871274,1.1501335777522277
application_primary,APP-PRIMARY,4,1000004,2000004,36d201bf6a31f2ee460def09401e3e388e1b802b79e2919ddb3cd55895811b47,B-private-mirror,hard_01,1,hard_09,4,0.3001308942827569,0.05382982646573636,True,148,29,False,2000,399,1852,True,4,4,0.12828304199999252,False,,hard_05,0.42287238536332283,3,18977.613374437544,8.320730703700887,82.56860312123331
application_primary,APP-PRIMARY,5,1000005,2000005,36d201bf6a31f2ee460def09401e3e388e1b802b79e2919ddb3cd55895811b47,B-private-mirror,hard_09,9,hard_01,5,0.38879288044094146,0.0881770820275905,True,73,14,False,2000,399,1927,True,4,4,0.1308081530000038,False,,hard_03,0.7160938472933359,3,24803.32623514136,0.8978022097842908,1.1210762854111767
application_primary,APP-PRIMARY,6,1000006,2000006,36d201bf6a31f2ee460def09401e3e388e1b802b79e2919ddb3cd55895811b47,B-private-mirror,hard_09,9,hard_01,4,0.28752355502356297,0.14387381441509628,True,53,10,False,2000,399,1947,True,4,4,0.13386838599998896,False,,hard_03,0.7433276721505004,3,22624.365316304054,0.9171500009493828,1.0652901181240022
application_primary,APP-PRIMARY,7,1000007,2000007,36d201bf6a31f2ee460def09401e3e388e1b802b79e2919ddb3cd55895811b47,B-private-mirror,hard_09,9,hard_01,5,0.38272380232125586,0.08728950595046986,True,58,11,False,2000,399,1942,True,4,4,0.12811811700001385,False,,hard_03,0.7283084807358369,3,23734.815147995858,0.8906930891387783,1.1022623215772516
application_primary,APP-PRIMARY,8,1000008,2000008,36d201bf6a31f2ee460def09401e3e388e1b802b79e2919ddb3cd55895811b47,B-private-mirror,hard_01,1,hard_09,4,0.38402917164297595,0.04131382688710178,True,163,32,False,2000,399,1837,True,4,4,0.11076406899999824,False,,hard_09,0.37204693503025593,3,12286.667197848144,2.3617059365744324,11.878754454809144
application_primary,APP-PRIMARY,9,1000009,2000009,36d201bf6a31f2ee460def09401e3e388e1b802b79e2919ddb3cd55895811b47,B-private-mirror,hard_09,9,hard_01,4,0.32538939919504417,0.053518450417174734,True,48,9,False,2000,399,1952,True,4,4,0.11369544199999382,False,,hard_03,0.7400526945689476,3,23608.739608853946,0.8617443440502179,1.1532525531873008
application_primary,APP-PRIMARY,10,1000010,2000010,36d201bf6a31f2ee460def09401e3e388e1b802b79e2919ddb3cd55895811b47,B-private-mirror,hard_09,9,hard_01,6,0.3207297589001913,0.028352603167474677,True,58,11,False,2000,399,1942,True,4,4,0.11324883500000738,False,,hard_03,0.7445131877751272,3,23073.269817904664,0.8681527780392465,1.1510403891489998
application_primary,APP-PRIMARY,11,1000011,2000011,36d201bf6a31f2ee460def09401e3e388e1b802b79e2919ddb3cd55895811b47,B-private-mirror,hard_09,9,hard_01,6,0.303120807373955,0.16195895764668605,True,48,9,False,2000,399,1952,True,4,4,0.11557439300000283,False,,hard_03,0.7487766937098915,3,22582.42261886303,0.9193382193409178,1.0389423743777275
application_primary,APP-PRIMARY,12,1000012,2000012,36d201bf6a31f2ee460def09401e3e388e1b802b79e2919ddb3cd55895811b47,B-private-mirror,hard_09,9,hard_01,4,0.3000429794829109,0.09011707232807814,True,58,11,False,2000,399,1942,True,4,4,0.11054112799999416,False,,hard_03,0.7462231003032685,3,22841.712557029605,0.9262065555788008,1.0904157283369198
application_primary,APP-PRIMARY,13,1000013,2000013,36d201bf6a31f2ee460def09401e3e388e1b802b79e2919ddb3cd55895811b47,B-private-mirror,hard_09,9,hard_01,6,0.45,0.03936539698737773,True,63,12,False,2000,399,1937,True,4,4,0.1128355719999945,False,,hard_03,0.755335161063234,3,21753.549401407814,0.9206470610047162,1.0387024005556487
application_primary,APP-PRIMARY,14,1000014,2000014,36d201bf6a31f2ee460def09401e3e388e1b802b79e2919ddb3cd55895811b47,B-private-mirror,hard_09,9,hard_13,5,0.41217292039350734,0.1378270796064927,True,48,9,False,2000,399,1952,True,4,4,0.1110618109999848,False,,hard_03,0.7563156718395962,3,22683.06705880896,0.8995104586644487,1.1021883324735393
application_primary,APP-PRIMARY,15,1000015,2000015,36d201bf6a31f2ee460def09401e3e388e1b802b79e2919ddb3cd55895811b47,B-private-mirror,hard_09,9,hard_01,4,0.3160023233869031,0.06647018016162237,True,63,12,False,2000,399,1937,True,4,4,0.11366846699999655,False,,hard_03,0.7530484318239934,3,25064.08084884465,0.8448208878195504,1.0935294218484068
application_primary,APP-PRIMARY,16,1000016,2000016,36d201bf6a31f2ee460def09401e3e388e1b802b79e2919ddb3cd55895811b47,B-private-mirror,hard_09,9,hard_01,5,0.3038328712613588,0.17892445137551793,True,48,9,False,2000,399,1952,True,4,4,0.11175685199998497,False,,hard_03,0.7418027391522197,3,24122.061875918498,0.8837809687614624,1.0627041603768184
application_primary,APP-PRIMARY,17,1000017,2000017,36d201bf6a31f2ee460def09401e3e388e1b802b79e2919ddb3cd55895811b47,B-private-mirror,hard_09,9,hard_01,5,0.3415403510375257,0.011621752303856203,True,43,8,False,2000,399,1957,True,4,4,0.11203751799999395,False,,hard_03,0.7156895263300647,3,24103.412767355963,0.8946092911842145,1.0074488397367531
application_primary,APP-PRIMARY,18,1000018,2000018,36d201bf6a31f2ee460def09401e3e388e1b802b79e2919ddb3cd55895811b47,B-private-mirror,hard_01,1,hard_09,5,0.4306759631175545,0.019324036882445494,True,188,37,False,2000,399,1812,True,4,4,0.10761264499998902,False,,hard_05,0.3960899244417294,3,19375.251344501306,8.505088508020147,86.16109036780745
application_primary,APP-PRIMARY,19,1000019,2000019,36d201bf6a31f2ee460def09401e3e388e1b802b79e2919ddb3cd55895811b47,B-private-mirror,hard_09,9,candidate_anchor_00,6,0.25745073092656184,0.2522377206040281,True,88,17,False,2000,399,1912,True,4,4,0.11223481599998308,False,,hard_03,0.7551922590827607,3,23454.930122223745,0.9069180498018851,1.1288557710134965
application_primary,APP-PRIMARY,20,1000020,2000020,36d201bf6a31f2ee460def09401e3e388e1b802b79e2919ddb3cd55895811b47,B-private-mirror,hard_09,9,candidate_anchor_00,6,0.397280301578835,0.14644749154549352,True,53,10,False,2000,399,1947,True,4,4,0.1121895029999962,False,,hard_03,0.7340553843839017,3,23720.708002381885,0.859332451954585,1.123505031778412
application_primary,APP-PRIMARY,21,1000021,2000021,36d201bf6a31f2ee460def09401e3e388e1b802b79e2919ddb3cd55895811b47,B-private-mirror,hard_09,9,candidate_anchor_00,9,0.45,0.07114786939702239,True,48,9,False,2000,399,1952,True,4,4,0.11237055199998736,False,,hard_03,0.7218588411525163,3,24271.549892093397,0.9272225278799419,1.0224819254759387
application_primary,APP-PRIMARY,22,1000022,2000022,36d201bf6a31f2ee460def09401e3e388e1b802b79e2919ddb3cd55895811b47,B-private-mirror,hard_09,9,hard_01,5,0.2646937715152353,0.23919944587518183,True,58,11,False,2000,399,1942,True,4,4,0.11087997099997438,False,,hard_03,0.7602356383540846,3,22714.487138624572,0.845063317384618,1.1061128799638698
application_primary,APP-PRIMARY,23,1000023,2000023,36d201bf6a31f2ee460def09401e3e388e1b802b79e2919ddb3cd55895811b47,B-private-mirror,hard_09,9,hard_01,4,0.31707026882416894,0.12146310705741181,True,53,10,False,2000,399,1947,True,4,4,0.11591025100000252,False,,hard_01,0.7694847508262064,3,14167.567152102834,2.8201812390571215,16.884603846632004
application_primary,APP-PRIMARY,24,1000024,2000024,36d201bf6a31f2ee460def09401e3e388e1b802b79e2919ddb3cd55895811b47,B-private-mirror,hard_09,9,hard_01,5,0.3847745585544305,0.11395746553714009,True,58,11,False,2000,399,1942,True,4,4,0.11136655199999268,False,,hard_03,0.7782554790400757,3,23238.034817629436,0.8776741808642678,1.1030257943542114
application_primary,APP-PRIMARY,25,1000025,2000025,36d201bf6a31f2ee460def09401e3e388e1b802b79e2919ddb3cd55895811b47,B-private-mirror,hard_09,9,hard_01,6,0.36413837081479256,0.15368196297139852,True,53,10,False,2000,399,1947,True,4,4,0.11259783799999923,False,,hard_03,0.7353981975284142,3,24261.70048839724,0.8853197114543067,1.096217201160241
application_primary,APP-PRIMARY,26,1000026,2000026,36d201bf6a31f2ee460def09401e3e388e1b802b79e2919ddb3cd55895811b47,B-private-mirror,hard_09,9,hard_01,4,0.33125287647760254,0.07145433642361376,True,38,7,False,2000,399,1962,True,4,4,0.11040862199999424,False,,hard_03,0.7484610494775585,3,24466.48952844209,0.9291038280076753,1.0649509297956443
application_primary,APP-PRIMARY,27,1000027,2000027,36d201bf6a31f2ee460def09401e3e388e1b802b79e2919ddb3cd55895811b47,B-private-mirror,hard_09,9,hard_01,5,0.4050112037767288,0.0945800490245452,True,58,11,False,2000,399,1942,True,4,4,0.11121867299999622,False,,hard_03,0.7287221526748623,3,25846.26531198434,0.8781574811406292,1.0919612305652673
application_primary,APP-PRIMARY,28,1000028,2000028,36d201bf6a31f2ee460def09401e3e388e1b802b79e2919ddb3cd55895811b47,B-private-mirror,hard_01,1,hard_09,3,0.3406419678440517,0.0988118298370314,True,123,24,False,2000,399,1877,True,4,4,0.10772805699997434,False,,hard_05,0.3873947644099145,3,20528.65495789406,9.063380654991859,94.14249610186789
application_primary,APP-PRIMARY,29,1000029,2000029,36d201bf6a31f2ee460def09401e3e388e1b802b79e2919ddb3cd55895811b47,B-private-mirror,hard_09,9,hard_13,6,0.298403161190166,0.251596838809834,True,78,15,False,2000,399,1922,True,4,4,0.11172858000000474,False,,hard_03,0.7424884387635192,3,22819.083605352065,0.8717059489723373,1.1034949675365087
application_primary,APP-PRIMARY,30,1000030,2000030,36d201bf6a31f2ee460def09401e3e388e1b802b79e2919ddb3cd55895811b47,B-private-mirror,hard_09,9,hard_13,4,0.2729737277682557,0.27702627223174436,True,43,8,False,2000,399,1957,True,4,4,0.10851875899999186,False,,hard_03,0.725406555091711,3,25642.023011627523,0.9342870963257743,1.2666916742578902
application_primary,APP-PRIMARY,31,1000031,2000031,36d201bf6a31f2ee460def09401e3e388e1b802b79e2919ddb3cd55895811b47,B-private-mirror,hard_09,9,hard_01,4,0.3822841911853044,0.034317875724833524,True,48,9,False,2000,399,1952,True,4,4,0.11869653900001254,False,,hard_03,0.7447030739734095,3,25288.758982098352,0.9394524682184439,1.1369877745475616
application_primary,APP-PRIMARY,32,1000032,2000032,36d201bf6a31f2ee460def09401e3e388e1b802b79e2919ddb3cd55895811b47,B-private-mirror,hard_09,9,hard_01,5,0.30837678072526076,0.1257985998705372,True,68,13,False,2000,399,1932,True,4,4,0.14508951299998785,False,,hard_03,0.7379078423358425,3,25566.361575095372,0.8931538468151583,1.0957365152104188
application_primary,APP-PRIMARY,33,1000033,2000033,36d201bf6a31f2ee460def09401e3e388e1b802b79e2919ddb3cd55895811b47,B-private-mirror,hard_09,9,hard_01,8,0.45,0.06712099505352026,True,43,8,False,2000,399,1957,True,4,4,0.11373369300000036,False,,hard_03,0.7059161569009179,3,23517.037904052147,0.9238124460485058,1.1203181496920085
application_primary,APP-PRIMARY,34,1000034,2000034,36d201bf6a31f2ee460def09401e3e388e1b802b79e2919ddb3cd55895811b47,B-private-mirror,hard_09,9,hard_01,4,0.2547361909784355,0.18486458593407862,True,63,12,False,2000,399,1937,True,4,4,0.11431390399999941,False,,hard_03,0.7660516723614911,3,24249.032048080553,0.8588426507578443,1.0617398738595571
application_primary,APP-PRIMARY,35,1000035,2000035,36d201bf6a31f2ee460def09401e3e388e1b802b79e2919ddb3cd55895811b47,B-private-mirror,hard_09,9,hard_01,6,0.3548549059005976,0.09221107480707008,True,38,7,False,2000,399,1962,True,4,4,0.13681377500000735,False,,hard_03,0.7496367504393618,3,22472.259494417878,0.9386815328761211,1.0980757747655108
application_primary,APP-PRIMARY,36,1000036,2000036,36d201bf6a31f2ee460def09401e3e388e1b802b79e2919ddb3cd55895811b47,B-private-mirror,hard_09,9,hard_01,6,0.31798684499828567,0.12024213441108844,True,53,10,False,2000,399,1947,True,4,4,0.11059180399999491,False,,hard_03,0.7257266248382697,3,23185.389050554993,0.8603490486837071,1.0077001486639678
application_primary,APP-PRIMARY,37,1000037,2000037,36d201bf6a31f2ee460def09401e3e388e1b802b79e2919ddb3cd55895811b47,B-private-mirror,hard_09,9,hard_03,7,0.3621010918689898,0.127635358683801,True,58,11,False,2000,399,1942,True,4,4,0.13715684900000724,False,,hard_03,0.7521307146795077,3,25200.24742437196,0.9375523554121947,1.2014048942252202
application_primary,APP-PRIMARY,38,1000038,2000038,36d201bf6a31f2ee460def09401e3e388e1b802b79e2919ddb3cd55895811b47,B-private-mirror,hard_09,9,hard_01,6,0.368654393299708,0.15073364605184275,True,53,10,False,2000,399,1947,True,4,4,0.1395628519999832,False,,hard_03,0.7317599670433236,3,23712.65606706304,0.9036965862160473,1.1257380144109017
application_primary,APP-PRIMARY,39,1000039,2000039,36d201bf6a31f2ee460def09401e3e388e1b802b79e2919ddb3cd55895811b47,B-private-mirror,hard_09,9,hard_01,6,0.38087189961497797,0.1432703582981723,True,88,17,False,2000,399,1912,True,4,4,0.11219552199997906,False,,hard_03,0.7298663308863791,3,23592.943388267715,0.8870815411589288,1.0705434962852105
application_primary,APP-PRIMARY,40,1000040,2000040,36d201bf6a31f2ee460def09401e3e388e1b802b79e2919ddb3cd55895811b47,B-private-mirror,hard_09,9,hard_01,6,0.40646095684950156,0.00568487279179869,True,58,11,False,2000,399,1942,True,4,4,0.1132498059999989,False,,hard_03,0.7600686966219445,3,23938.411680286263,0.8613232499173825,1.1354730032458662
application_primary,APP-PRIMARY,41,1000041,2000041,36d201bf6a31f2ee460def09401e3e388e1b802b79e2919ddb3cd55895811b47,B-private-mirror,hard_01,1,hard_09,6,0.36937372768507115,0.042934929316127135,True,233,46,False,2000,399,1767,True,4,4,0.10862864199998512,False,,hard_05,0.39565609304566046,3,22590.235646755653,9.715941046381884,113.02003524335869
application_primary,APP-PRIMARY,42,1000042,2000042,36d201bf6a31f2ee460def09401e3e388e1b802b79e2919ddb3cd55895811b47,B-private-mirror,hard_09,9,hard_01,6,0.33240365382404435,0.11147959741982377,True,68,13,False,2000,399,1932,True,4,4,0.11146016199998598,False,,hard_03,0.7431140510154929,3,22906.16492142547,0.912569767931327,1.0090000574900384
application_primary,APP-PRIMARY,43,1000043,2000043,36d201bf6a31f2ee460def09401e3e388e1b802b79e2919ddb3cd55895811b47,B-private-mirror,hard_09,9,hard_01,4,0.3168182624685008,0.14274074076119414,True,53,10,False,2000,399,1947,True,4,4,0.11061886400000276,False,,hard_03,0.7648252941595157,3,22568.363327877574,0.933131584115262,1.1182017568697953
application_primary,APP-PRIMARY,44,1000044,2000044,36d201bf6a31f2ee460def09401e3e388e1b802b79e2919ddb3cd55895811b47,B-private-mirror,hard_09,9,hard_01,4,0.25642899799277913,0.13805471967531285,True,58,11,False,2000,399,1942,True,4,4,0.112140820999997,False,,hard_03,0.7469132828077861,3,21784.495988780836,0.8331844300083401,1.1281810839252817
application_primary,APP-PRIMARY,45,1000045,2000045,36d201bf6a31f2ee460def09401e3e388e1b802b79e2919ddb3cd55895811b47,B-private-mirror,hard_09,9,candidate_anchor_00,5,0.2678974352983649,0.14002572776778666,True,68,13,False,2000,399,1932,True,4,4,0.1172927019999861,False,,hard_03,0.7645782359111355,3,22648.450786965917,0.913665925683504,1.107021854202739
application_primary,APP-PRIMARY,46,1000046,2000046,36d201bf6a31f2ee460def09401e3e388e1b802b79e2919ddb3cd55895811b47,B-private-mirror,hard_09,9,hard_01,4,0.3023050945828552,0.228979583317027,True,63,12,False,2000,399,1937,True,4,4,0.1153187399999922,False,,hard_03,0.7354330912096637,3,24200.973989567367,0.8634993701517973,1.049855117438488
application_primary,APP-PRIMARY,47,1000047,2000047,36d201bf6a31f2ee460def09401e3e388e1b802b79e2919ddb3cd55895811b47,B-private-mirror,hard_09,9,hard_01,6,0.4025648315708536,0.06766354790762169,True,58,11,False,2000,399,1942,True,4,4,0.11149986000000922,False,,hard_03,0.742664225087028,3,23204.62050882021,0.8664422654584133,1.1034414617125536
application_primary,APP-PRIMARY,48,1000048,2000048,36d201bf6a31f2ee460def09401e3e388e1b802b79e2919ddb3cd55895811b47,B-private-mirror,hard_09,9,candidate_anchor_00,7,0.43344278828468136,0.04948579608674947,True,58,11,False,2000,399,1942,True,4,4,0.11591968600001223,False,,hard_03,0.7497308918664923,3,24641.936907420044,0.924429142063796,1.0963963820606082
application_primary,APP-PRIMARY,49,1000049,2000049,36d201bf6a31f2ee460def09401e3e388e1b802b79e2919ddb3cd55895811b47,B-private-mirror,hard_09,9,hard_01,6,0.3421020822487768,0.10577468865197381,True,48,9,False,2000,399,1952,True,4,4,0.11440817400000469,False,,hard_03,0.737701872179401,3,22752.623874386914,0.9111733894630166,1.055605655667225
application_primary,APP-PRIMARY,50,1000050,2000050,36d201bf6a31f2ee460def09401e3e388e1b802b79e2919ddb3cd55895811b47,B-private-mirror,hard_09,9,hard_13,7,0.45,0.09703515553424796,True,63,12,False,2000,399,1937,True,4,4,0.11412704199997847,False,,hard_03,0.7440649956692706,3,26142.20435673827,0.8797341973740177,1.1227845005892498
application_primary,APP-PRIMARY,51,1000051,2000051,36d201bf6a31f2ee460def09401e3e388e1b802b79e2919ddb3cd55895811b47,B-private-mirror,hard_09,9,hard_01,7,0.40613276201482407,0.10632083064712994,True,53,10,False,2000,399,1947,True,4,4,0.11097089599999777,False,,hard_03,0.7674282536185316,3,23180.266860710897,0.8307972540192691,1.104370159055762
application_primary,APP-PRIMARY,52,1000052,2000052,36d201bf6a31f2ee460def09401e3e388e1b802b79e2919ddb3cd55895811b47,B-private-mirror,hard_09,9,candidate_anchor_00,7,0.3526179147787766,0.09975312617374216,True,48,9,False,2000,399,1952,True,4,4,0.11521804500000599,False,,hard_03,0.7526752386452036,3,26376.027123108965,0.9003415668598976,1.1859083423633767
application_primary,APP-PRIMARY,53,1000053,2000053,36d201bf6a31f2ee460def09401e3e388e1b802b79e2919ddb3cd55895811b47,B-private-mirror,hard_09,9,candidate_anchor_00,6,0.3783192039743818,0.10682262244424506,True,53,10,False,2000,399,1947,True,4,4,0.11115544899999463,False,,hard_03,0.7580846554836682,3,22719.456856786044,0.8601289702686229,1.0821529716584741
application_primary,APP-PRIMARY,54,1000054,2000054,36d201bf6a31f2ee460def09401e3e388e1b802b79e2919ddb3cd55895811b47,B-private-mirror,hard_09,9,hard_01,5,0.23342810856896873,0.11070490127938465,True,48,9,False,2000,399,1952,True,4,4,0.11168635700002483,False,,hard_03,0.7001034970062732,3,25394.00572531055,0.9023155757244228,1.1004918886824417
application_primary,APP-PRIMARY,55,1000055,2000055,36d201bf6a31f2ee460def09401e3e388e1b802b79e2919ddb3cd55895811b47,B-private-mirror,hard_09,9,hard_01,6,0.35302944336397646,0.08607419159840285,True,38,7,False,2000,399,1962,True,4,4,0.1110285610000119,False,,hard_03,0.7529447461748946,3,24816.52521747261,0.9181551625379247,1.1563992770474831
application_primary,APP-PRIMARY,56,1000056,2000056,36d201bf6a31f2ee460def09401e3e388e1b802b79e2919ddb3cd55895811b47,B-private-mirror,hard_09,9,hard_01,5,0.3773315202886975,0.05464838316901216,True,58,11,False,2000,399,1942,True,4,4,0.11169121399998971,False,,hard_03,0.7508451274210153,3,23940.060619487682,0.926589408167197,1.1021153311714282
application_primary,APP-PRIMARY,57,1000057,2000057,36d201bf6a31f2ee460def09401e3e388e1b802b79e2919ddb3cd55895811b47,B-private-mirror,hard_09,9,hard_13,6,0.44350612026925273,0.05470370029537375,True,73,14,False,2000,399,1927,True,4,4,0.11237506899999516,False,,hard_03,0.7584445048787573,3,23167.321725445232,0.8682037107504023,1.11649545089179
application_primary,APP-PRIMARY,58,1000058,2000058,36d201bf6a31f2ee460def09401e3e388e1b802b79e2919ddb3cd55895811b47,B-private-mirror,hard_09,9,hard_01,5,0.4447455415327016,0.04934685464005151,True,58,11,False,2000,399,1942,True,4,4,0.11057563899998968,False,,hard_03,0.7203460147918583,3,23894.13817400492,0.8990574510486602,1.1120335352792916
application_primary,APP-PRIMARY,59,1000059,2000059,36d201bf6a31f2ee460def09401e3e388e1b802b79e2919ddb3cd55895811b47,B-private-mirror,hard_09,9,hard_01,6,0.31833348701608183,0.2209594746835823,True,43,8,False,2000,399,1957,True,4,4,0.11044796999999562,False,,hard_03,0.7669546233459205,3,24360.110700781985,0.9394687560612178,1.3397118406968547
application_primary,APP-PRIMARY,60,1000060,2000060,36d201bf6a31f2ee460def09401e3e388e1b802b79e2919ddb3cd55895811b47,B-private-mirror,hard_09,9,hard_01,5,0.39537830423865267,0.05510482454897936,True,78,15,False,2000,399,1922,True,4,4,0.11084377699998527,False,,hard_03,0.7626667346465369,3,23941.67964102256,0.9414041860428547,1.1298752593074906
application_primary,APP-PRIMARY,61,1000061,2000061,36d201bf6a31f2ee460def09401e3e388e1b802b79e2919ddb3cd55895811b47,B-private-mirror,hard_09,9,hard_01,6,0.3646979190292535,0.10599956363747881,True,63,12,False,2000,399,1937,True,4,4,0.11118726700001957,False,,hard_03,0.7452585288949154,3,23055.560645099613,0.8878446487562008,1.1358074053321217
application_primary,APP-PRIMARY,62,1000062,2000062,36d201bf6a31f2ee460def09401e3e388e1b802b79e2919ddb3cd55895811b47,B-private-mirror,hard_09,9,hard_01,6,0.31770578957909484,0.08144779492088622,True,73,14,False,2000,399,1927,True,4,4,0.11521949699999823,False,,hard_03,0.7596039315265585,3,23278.429845934,0.8376791414277551,1.1212578608697847
application_primary,APP-PRIMARY,63,1000063,2000063,36d201bf6a31f2ee460def09401e3e388e1b802b79e2919ddb3cd55895811b47,B-private-mirror,hard_09,9,hard_13,5,0.37452958177743423,0.1594204396537967,True,38,7,False,2000,399,1962,True,4,4,0.11140018300000065,False,,hard_03,0.7473870178114614,3,21844.06126893192,0.8718209998940208,1.051994262462939
application_primary,APP-PRIMARY,64,1000064,2000064,36d201bf6a31f2ee460def09401e3e388e1b802b79e2919ddb3cd55895811b47,B-private-mirror,hard_09,9,candidate_anchor_00,5,0.2844910059334835,0.15118230328898946,True,48,9,False,2000,399,1952,True,4,4,0.11246988900001043,False,,hard_03,0.7515614643564558,3,24284.39278601814,0.9112041250939149,1.095303227518578
application_primary,APP-PRIMARY,65,1000065,2000065,36d201bf6a31f2ee460def09401e3e388e1b802b79e2919ddb3cd55895811b47,B-private-mirror,hard_09,9,candidate_anchor_00,6,0.28444686917009865,0.24839827748705479,True,48,9,False,2000,399,1952,True,4,4,0.11368452100001036,False,,hard_03,0.775951299370998,3,24337.5339460509,0.9183515871440684,1.2148885555671773
application_primary,APP-PRIMARY,66,1000066,2000066,36d201bf6a31f2ee460def09401e3e388e1b802b79e2919ddb3cd55895811b47,B-private-mirror,hard_09,9,hard_01,5,0.3061014051471315,0.1932634357507893,True,48,9,False,2000,399,1952,True,4,4,0.11086624999998662,False,,hard_03,0.7332944079029544,3,23811.849041877587,0.887026502537459,1.087676854993328
application_primary,APP-PRIMARY,67,1000067,2000067,36d201bf6a31f2ee460def09401e3e388e1b802b79e2919ddb3cd55895811b47,B-private-mirror,hard_09,9,hard_01,6,0.29801152341505727,0.20743534852253448,True,58,11,False,2000,399,1942,True,4,4,0.11276698000000351,False,,hard_03,0.7276727155001699,3,23564.72137972216,0.9363845824683369,1.0917218198337155
application_primary,APP-PRIMARY,68,1000068,2000068,36d201bf6a31f2ee460def09401e3e388e1b802b79e2919ddb3cd55895811b47,B-private-mirror,hard_09,9,hard_01,3,0.36604814394415697,0.012911218173351113,True,33,6,False,2000,399,1967,True,4,4,0.11155121699999881,False,,hard_03,0.7349462554364946,3,23101.733562623784,0.8510447302786462,1.0601256644085149
application_primary,APP-PRIMARY,69,1000069,2000069,36d201bf6a31f2ee460def09401e3e388e1b802b79e2919ddb3cd55895811b47,B-private-mirror,hard_09,9,hard_01,4,0.3053477465379912,0.2160280574999292,True,63,12,False,2000,399,1937,True,4,4,0.10936538899997572,False,,hard_03,0.7707748468908987,3,21470.315818996758,0.9070397651238681,1.0619000410173973
application_primary,APP-PRIMARY,70,1000070,2000070,36d201bf6a31f2ee460def09401e3e388e1b802b79e2919ddb3cd55895811b47,B-private-mirror,hard_09,9,hard_01,3,0.3194279207775839,0.06044314363966785,True,58,11,False,2000,399,1942,True,4,4,0.11087224499999593,False,,hard_03,0.7435201219154801,3,25255.849921192257,0.8749488577582334,1.0892821044517706
application_primary,APP-PRIMARY,71,1000071,2000071,36d201bf6a31f2ee460def09401e3e388e1b802b79e2919ddb3cd55895811b47,B-private-mirror,hard_09,9,hard_13,6,0.43260824026277916,0.11739175973722088,True,53,10,False,2000,399,1947,True,4,4,0.11246653399999218,False,,hard_03,0.7032190235791088,3,25347.94714458252,0.8869585720815121,1.0799367693008606
application_primary,APP-PRIMARY,72,1000072,2000072,36d201bf6a31f2ee460def09401e3e388e1b802b79e2919ddb3cd55895811b47,B-private-mirror,hard_01,1,hard_09,3,0.3193341957564758,0.09276796082489974,True,188,37,False,2000,399,1812,True,4,4,0.11098888300000453,False,,hard_05,0.39352962876837894,3,18017.705957118145,8.95217415587987,92.4742891676301
application_primary,APP-PRIMARY,73,1000073,2000073,36d201bf6a31f2ee460def09401e3e388e1b802b79e2919ddb3cd55895811b47,B-private-mirror,hard_09,9,hard_01,4,0.28768059315965455,0.14837818905870898,True,63,12,False,2000,399,1937,True,4,4,0.11058116800001017,False,,hard_03,0.7505246148280492,3,22345.001172000186,0.8444924963511375,1.119416251600292
application_primary,APP-PRIMARY,74,1000074,2000074,36d201bf6a31f2ee460def09401e3e388e1b802b79e2919ddb3cd55895811b47,B-private-mirror,hard_09,9,hard_13,6,0.3347877945666567,0.20438881003338877,True,58,11,False,2000,399,1942,True,4,4,0.10998392700000181,False,,hard_03,0.7355111687613826,3,23084.034499619134,0.9367736484501115,1.1310526533448289
application_primary,APP-PRIMARY,75,1000075,2000075,36d201bf6a31f2ee460def09401e3e388e1b802b79e2919ddb3cd55895811b47,B-private-mirror,hard_09,9,hard_13,6,0.30970235327390255,0.17558513162138328,True,58,11,False,2000,399,1942,True,4,4,0.11269437199999288,False,,hard_03,0.7652958309259366,3,23215.027824895562,0.8872478628114762,1.1028591722109262
application_primary,APP-PRIMARY,76,1000076,2000076,36d201bf6a31f2ee460def09401e3e388e1b802b79e2919ddb3cd55895811b47,B-private-mirror,hard_09,9,hard_01,6,0.196404858339367,0.2574593683673681,True,58,11,False,2000,399,1942,True,4,4,0.11343316800000025,False,,hard_03,0.7572238252046515,3,25138.441891771294,0.880455226463611,1.1177724019210686
application_primary,APP-PRIMARY,77,1000077,2000077,36d201bf6a31f2ee460def09401e3e388e1b802b79e2919ddb3cd55895811b47,B-private-mirror,hard_09,9,hard_01,5,0.44285872123885706,0.09929522171378868,True,63,12,False,2000,399,1937,True,4,4,0.11140981600001965,False,,hard_03,0.7288552330666991,3,22398.863020967365,0.8596511951872176,1.0490419948223235
application_primary,APP-PRIMARY,78,1000078,2000078,36d201bf6a31f2ee460def09401e3e388e1b802b79e2919ddb3cd55895811b47,B-private-mirror,hard_09,9,hard_01,6,0.33135827853119354,0.09144803700969883,True,48,9,False,2000,399,1952,True,4,4,0.10961488500001337,False,,hard_03,0.7815361911916686,3,22528.408868679064,0.8891680762472715,1.1172668052466266
application_primary,APP-PRIMARY,79,1000079,2000079,36d201bf6a31f2ee460def09401e3e388e1b802b79e2919ddb3cd55895811b47,B-private-mirror,hard_01,1,hard_09,5,0.4166181473564838,0.03338185264351623,True,138,27,False,2000,399,1862,True,4,4,0.10879504899997983,False,,hard_05,0.4061455323727589,3,12260.043361919466,7.760104321316208,72.52183215679999
application_primary,APP-PRIMARY,80,1000080,2000080,36d201bf6a31f2ee460def09401e3e388e1b802b79e2919ddb3cd55895811b47,B-private-mirror,hard_09,9,hard_01,4,0.3306149336419651,0.07856829348144234,True,48,9,False,2000,399,1952,True,4,4,0.11123338500001978,False,,hard_03,0.7495438919765802,3,22893.153804980342,0.9147237952206838,1.0456425833137055
application_primary,APP-PRIMARY,81,1000081,2000081,36d201bf6a31f2ee460def09401e3e388e1b802b79e2919ddb3cd55895811b47,B-private-mirror,hard_09,9,hard_13,5,0.4010353947277497,0.14896460527225036,True,63,12,False,2000,399,1937,True,4,4,0.1122432530000026,False,,hard_03,0.7298176066668545,3,23027.509686284222,0.921309392803367,1.020951763940788
application_primary,APP-PRIMARY,82,1000082,2000082,36d201bf6a31f2ee460def09401e3e388e1b802b79e2919ddb3cd55895811b47,B-private-mirror,hard_09,9,hard_13,6,0.3966018041739904,0.13069602610554698,True,38,7,False,2000,399,1962,True,4,4,0.11025550499999781,False,,hard_03,0.7437682508599799,3,25428.744624983752,0.879191670857494,1.1160116458902969
application_primary,APP-PRIMARY,83,1000083,2000083,36d201bf6a31f2ee460def09401e3e388e1b802b79e2919ddb3cd55895811b47,B-private-mirror,hard_09,9,hard_01,7,0.45,0.03441286431233781,True,33,6,False,2000,399,1967,True,4,4,0.1116854359999877,False,,hard_03,0.7387202759028321,3,23463.583883153107,0.9462015624852277,1.0631631836169388
application_primary,APP-PRIMARY,84,1000084,2000084,36d201bf6a31f2ee460def09401e3e388e1b802b79e2919ddb3cd55895811b47,B-private-mirror,hard_01,1,hard_09,5,0.359750452595035,0.047682171189356914,True,203,40,False,2000,399,1797,True,4,4,0.10755718299998307,False,,hard_06,0.3982689464067339,3,15892.089992359255,8.962652488042503,88.28440748974799
application_primary,APP-PRIMARY,85,1000085,2000085,36d201bf6a31f2ee460def09401e3e388e1b802b79e2919ddb3cd55895811b47,B-private-mirror,hard_09,9,hard_01,5,0.31080297658994643,0.0505074132413309,True,58,11,False,2000,399,1942,True,4,4,0.1098843340000144,False,,hard_03,0.7333465765340097,3,27407.372622604875,0.8528854905042613,1.1338700572276534
application_primary,APP-PRIMARY,86,1000086,2000086,36d201bf6a31f2ee460def09401e3e388e1b802b79e2919ddb3cd55895811b47,B-private-mirror,hard_09,9,hard_01,4,0.3087245641375548,0.09390307351349836,True,78,15,False,2000,399,1922,True,4,4,0.10957534599998553,False,,hard_03,0.7641006244794082,3,23424.345889362135,0.869117531470341,1.129666868778784
application_primary,APP-PRIMARY,87,1000087,2000087,36d201bf6a31f2ee460def09401e3e388e1b802b79e2919ddb3cd55895811b47,B-private-mirror,hard_09,9,hard_01,6,0.3799976676085949,0.12176526202886684,True,58,11,False,2000,399,1942,True,4,4,0.12406266299998947,False,,hard_03,0.7545447140835948,3,23627.573711247038,0.8525780723603906,1.1103550586216833
application_primary,APP-PRIMARY,88,1000088,2000088,36d201bf6a31f2ee460def09401e3e388e1b802b79e2919ddb3cd55895811b47,B-private-mirror,hard_09,9,hard_01,6,0.3736498893025027,0.06984786410700705,True,53,10,False,2000,399,1947,True,4,4,0.1090531819999967,False,,hard_03,0.7255396564983484,3,24855.891520699854,0.904837080553703,1.0405517811840992
application_primary,APP-PRIMARY,89,1000089,2000089,36d201bf6a31f2ee460def09401e3e388e1b802b79e2919ddb3cd55895811b47,B-private-mirror,hard_09,9,hard_05,3,0.34674994945954996,0.05551925832098792,True,58,11,False,2000,399,1942,True,4,4,0.11074517100001913,False,,hard_03,0.720013193243173,3,26544.00891300023,0.9501826238490719,1.11231606243649
application_primary,APP-PRIMARY,90,1000090,2000090,36d201bf6a31f2ee460def09401e3e388e1b802b79e2919ddb3cd55895811b47,B-private-mirror,hard_09,9,hard_01,7,0.25576408185524063,0.19020852619254203,True,48,9,False,2000,399,1952,True,4,4,0.10941600000001017,False,,hard_03,0.7471001773607352,3,23398.865173636976,0.8890642474957731,1.135068382172174
application_primary,APP-PRIMARY,91,1000091,2000091,36d201bf6a31f2ee460def09401e3e388e1b802b79e2919ddb3cd55895811b47,B-private-mirror,hard_09,9,hard_01,6,0.39016534162558353,0.1338439170002979,True,58,11,False,2000,399,1942,True,4,4,0.11194704400000433,False,,hard_03,0.7443928768679936,3,24442.969023807324,0.8807712170248162,1.030326731414432
application_primary,APP-PRIMARY,92,1000092,2000092,36d201bf6a31f2ee460def09401e3e388e1b802b79e2919ddb3cd55895811b47,B-private-mirror,hard_09,9,hard_01,6,0.347674573310028,0.17821360050606966,True,43,8,False,2000,399,1957,True,4,4,0.10920929399998158,False,,hard_03,0.7530324125769083,3,24260.88169982104,0.8790397345689547,1.08878307441598
application_primary,APP-PRIMARY,93,1000093,2000093,36d201bf6a31f2ee460def09401e3e388e1b802b79e2919ddb3cd55895811b47,B-private-mirror,hard_09,9,hard_01,6,0.33873368017040173,0.14423984837228765,True,48,9,False,2000,399,1952,True,4,4,0.11253648699999985,False,,hard_03,0.7298766135165836,3,25524.945530106554,0.83289296532647,1.0479545511753003
application_primary,APP-PRIMARY,94,1000094,2000094,36d201bf6a31f2ee460def09401e3e388e1b802b79e2919ddb3cd55895811b47,B-private-mirror,hard_09,9,hard_01,6,0.27642973650218516,0.18980137828599714,True,68,13,False,2000,399,1932,True,4,4,0.1101852200000053,False,,hard_03,0.7352707290858964,3,24600.246235116527,0.90464817785136,1.073512365855002
application_primary,APP-PRIMARY,95,1000095,2000095,36d201bf6a31f2ee460def09401e3e388e1b802b79e2919ddb3cd55895811b47,B-private-mirror,hard_09,9,hard_01,6,0.33964335957389136,0.20429466627392268,True,58,11,False,2000,399,1942,True,4,4,0.11142131399998334,False,,hard_03,0.7626565037226619,3,23287.79458164065,0.8620719304277124,1.062081504306548
application_primary,APP-PRIMARY,96,1000096,2000096,36d201bf6a31f2ee460def09401e3e388e1b802b79e2919ddb3cd55895811b47,B-private-mirror,hard_09,9,hard_01,3,0.32072656194907473,0.02063066403543934,True,83,16,False,2000,399,1917,True,4,4,0.10983897700000966,False,,hard_03,0.7250262622809402,3,23882.85669665454,0.8793206645395478,1.038257564036633
application_primary,APP-PRIMARY,97,1000097,2000097,36d201bf6a31f2ee460def09401e3e388e1b802b79e2919ddb3cd55895811b47,B-private-mirror,hard_09,9,hard_01,6,0.2525233734883734,0.2014219949877652,True,43,8,False,2000,399,1957,True,4,4,0.11140282700000625,False,,hard_03,0.749719931069489,3,23137.677777376313,0.89774988754574,1.1088823380062844
application_primary,APP-PRIMARY,98,1000098,2000098,36d201bf6a31f2ee460def09401e3e388e1b802b79e2919ddb3cd55895811b47,B-private-mirror,hard_09,9,hard_01,5,0.4015289386799255,0.06723931547685125,True,53,10,False,2000,399,1947,True,4,4,0.11109235600000034,False,,hard_03,0.7141161535459994,3,24966.20911455386,0.9011048584278952,1.0858825893681425
application_primary,APP-PRIMARY,99,1000099,2000099,36d201bf6a31f2ee460def09401e3e388e1b802b79e2919ddb3cd55895811b47,B-private-mirror,hard_09,9,hard_13,5,0.42442699332470085,0.1255730066752992,True,33,6,False,2000,399,1967,True,4,4,0.11139390299999263,False,,hard_03,0.7183189327405929,3,25469.523432287566,0.8694664461515219,1.1245317898552303
application_primary,APP-PRIMARY,100,1000100,2000100,36d201bf6a31f2ee460def09401e3e388e1b802b79e2919ddb3cd55895811b47,B-private-mirror,hard_09,9,hard_01,5,0.40505107139982355,0.02229677033492866,True,68,13,False,2000,399,1932,True,4,4,0.10915857800000595,False,,hard_01,0.754342924878937,3,13269.81712187714,2.7649567334308083,15.80609430537583
application_primary,APP-PRIMARY,101,1000101,2000101,36d201bf6a31f2ee460def09401e3e388e1b802b79e2919ddb3cd55895811b47,B-private-mirror,hard_09,9,hard_01,6,0.43247414999775646,0.050097932360427644,True,43,8,False,2000,399,1957,True,4,4,0.12159521899999959,False,,hard_03,0.7255701490735446,3,22975.735503621196,0.9282135615569237,1.0760066369647332
application_primary,APP-PRIMARY,102,1000102,2000102,36d201bf6a31f2ee460def09401e3e388e1b802b79e2919ddb3cd55895811b47,B-private-mirror,hard_09,9,hard_01,5,0.39474909781692685,0.06329372750752804,True,53,10,False,2000,399,1947,True,4,4,0.11148917500000266,False,,hard_03,0.747128232128493,3,24020.750415515406,0.9083843623947818,1.0973631051529795
application_primary,APP-PRIMARY,103,1000103,2000103,36d201bf6a31f2ee460def09401e3e388e1b802b79e2919ddb3cd55895811b47,B-private-mirror,hard_09,9,hard_13,6,0.4004982108980237,0.07273232392033863,True,53,10,False,2000,399,1947,True,4,4,0.11052182000000244,False,,hard_03,0.7393048815073097,3,23287.666419986224,0.940826774352752,1.1305715237135738
application_primary,APP-PRIMARY,104,1000104,2000104,36d201bf6a31f2ee460def09401e3e388e1b802b79e2919ddb3cd55895811b47,B-private-mirror,hard_09,9,hard_01,5,0.2762168588143624,0.07379644101152388,True,53,10,False,2000,399,1947,True,4,4,0.10884432200001015,False,,hard_03,0.7227754770390492,3,23916.07246458699,0.9382288639408112,1.1131509990875672
application_primary,APP-PRIMARY,105,1000105,2000105,36d201bf6a31f2ee460def09401e3e388e1b802b79e2919ddb3cd55895811b47,B-private-mirror,hard_09,9,hard_01,4,0.40018682914069753,0.007351203153559527,True,58,11,False,2000,399,1942,True,4,4,0.10981505200001607,False,,hard_03,0.746553037180765,3,23794.304581970042,0.9165503779384916,1.1269430244266045
application_primary,APP-PRIMARY,106,1000106,2000106,36d201bf6a31f2ee460def09401e3e388e1b802b79e2919ddb3cd55895811b47,B-private-mirror,hard_09,9,hard_01,5,0.2751998102995841,0.15635916556828056,True,58,11,False,2000,399,1942,True,4,4,0.11083424299999933,False,,hard_03,0.7408800582107341,3,23177.595003072674,0.8985084977116303,1.1440538843878525
application_primary,APP-PRIMARY,107,1000107,2000107,36d201bf6a31f2ee460def09401e3e388e1b802b79e2919ddb3cd55895811b47,B-private-mirror,hard_09,9,hard_01,5,0.34306593217648085,0.11842397919077907,True,23,4,False,2000,399,1977,True,4,4,0.11123492799998758,False,,hard_03,0.764606340127688,3,24372.862523726326,0.854853615345186,1.1756985795559778
application_primary,APP-PRIMARY,108,1000108,2000108,36d201bf6a31f2ee460def09401e3e388e1b802b79e2919ddb3cd55895811b47,B-private-mirror,hard_09,9,hard_01,4,0.17524062967589257,0.17443529889415824,True,53,10,False,2000,399,1947,True,4,4,0.10904580099997929,False,,hard_03,0.7334970234685454,3,24485.08970390473,0.8893147443685651,1.0987487900057247
application_primary,APP-PRIMARY,109,1000109,2000109,36d201bf6a31f2ee460def09401e3e388e1b802b79e2919ddb3cd55895811b47,B-private-mirror,hard_09,9,hard_13,5,0.36344361662617075,0.1865563833738293,True,48,9,False,2000,399,1952,True,4,4,0.11038357499998597,False,,hard_03,0.7223750304175238,3,23279.447631555347,0.9096319396730352,1.038541041091258
application_primary,APP-PRIMARY,110,1000110,2000110,36d201bf6a31f2ee460def09401e3e388e1b802b79e2919ddb3cd55895811b47,B-private-mirror,hard_09,9,hard_01,5,0.3295878452496581,0.13584522950043298,True,58,11,False,2000,399,1942,True,4,4,0.11173141400001896,False,,hard_03,0.7394647766317676,3,24192.851336584154,0.9503199488694335,1.1387038570012162
application_primary,APP-PRIMARY,111,1000111,2000111,36d201bf6a31f2ee460def09401e3e388e1b802b79e2919ddb3cd55895811b47,B-private-mirror,hard_01,1,hard_09,3,0.3121268618138943,0.1378731381861057,True,168,33,False,2000,399,1832,True,4,4,0.11119513799999936,False,,hard_05,0.4035518358638936,3,15803.450843298137,8.855377601199162,89.33729487758939
application_primary,APP-PRIMARY,112,1000112,2000112,36d201bf6a31f2ee460def09401e3e388e1b802b79e2919ddb3cd55895811b47,B-private-mirror,hard_09,9,hard_01,3,0.3002805036012169,0.13176679733072422,True,63,12,False,2000,399,1937,True,4,4,0.10924346400000218,False,,hard_03,0.76973906769005,3,22800.15925137638,0.9259619227578477,1.2310786593171619
application_primary,APP-PRIMARY,113,1000113,2000113,36d201bf6a31f2ee460def09401e3e388e1b802b79e2919ddb3cd55895811b47,B-private-mirror,hard_09,9,hard_01,6,0.33344044122571165,0.17400612315903724,True,43,8,False,2000,399,1957,True,4,4,0.1121930529999986,False,,hard_03,0.7402968740994067,3,23397.81064756114,0.9607981490306609,1.107951407919165
application_primary,APP-PRIMARY,114,1000114,2000114,36d201bf6a31f2ee460def09401e3e388e1b802b79e2919ddb3cd55895811b47,B-private-mirror,hard_09,9,hard_01,5,0.40332088422326456,0.028861900290838405,True,58,11,False,2000,399,1942,True,4,4,0.10949612800001773,False,,hard_01,0.7821160383915567,3,11926.916708530021,2.6741417235610214,15.871626162931275
application_primary,APP-PRIMARY,115,1000115,2000115,36d201bf6a31f2ee460def09401e3e388e1b802b79e2919ddb3cd55895811b47,B-private-mirror,hard_09,9,hard_01,3,0.29181621858426565,0.0876511314326604,True,48,9,False,2000,399,1952,True,4,4,0.11101706400000921,False,,hard_03,0.7070139361339,3,25115.218388380505,0.8904425259846511,1.093557144297023
application_primary,APP-PRIMARY,116,1000116,2000116,36d201bf6a31f2ee460def09401e3e388e1b802b79e2919ddb3cd55895811b47,B-private-mirror,hard_09,9,hard_01,3,0.3175473870570743,0.08849109791589255,True,68,13,False,2000,399,1932,True,4,4,0.10684873200000311,False,,hard_03,0.7431268310869943,3,22905.308437268843,0.8963050380533891,1.160739197296422
application_primary,APP-PRIMARY,117,1000117,2000117,36d201bf6a31f2ee460def09401e3e388e1b802b79e2919ddb3cd55895811b47,B-private-mirror,hard_09,9,hard_01,7,0.4224752014068578,0.034360091640458945,True,48,9,False,2000,399,1952,True,4,4,0.11417219399999112,False,,hard_03,0.7415000972708841,3,23272.291905799375,0.8968763430051998,1.1188216932622084
application_primary,APP-PRIMARY,118,1000118,2000118,36d201bf6a31f2ee460def09401e3e388e1b802b79e2919ddb3cd55895811b47,B-private-mirror,hard_09,9,candidate_anchor_00,7,0.400713791152859,0.1378199838917028,True,68,13,False,2000,399,1932,True,4,4,0.1098271599999805,False,,hard_03,0.7238884573691531,3,24380.72352361453,0.9122828876646145,1.0938261413061785
application_primary,APP-PRIMARY,119,1000119,2000119,36d201bf6a31f2ee460def09401e3e388e1b802b79e2919ddb3cd55895811b47,B-private-mirror,hard_09,9,candidate_anchor_00,5,0.4412152194172189,0.06617117411824186,True,58,11,False,2000,399,1942,True,4,4,0.11343507000000841,False,,hard_03,0.7580257195136434,3,26291.54606050658,0.8697488829273887,1.1199173877893092
application_primary,APP-PRIMARY,120,1000120,2000120,36d201bf6a31f2ee460def09401e3e388e1b802b79e2919ddb3cd55895811b47,B-private-mirror,hard_01,1,hard_09,4,0.36745487893067363,0.04183703924845089,True,333,66,False,2000,399,1667,True,4,4,0.10715168100000483,False,,hard_09,0.40007341301577243,3,11574.660037855909,2.8177058127963894,18.40281649698924
application_primary,APP-PRIMARY,121,1000121,2000121,36d201bf6a31f2ee460def09401e3e388e1b802b79e2919ddb3cd55895811b47,B-private-mirror,hard_09,9,hard_01,5,0.40020448637057277,0.0673302461078939,True,68,13,False,2000,399,1932,True,4,4,0.11001626999998848,False,,hard_03,0.7307621121730766,3,26059.396916624086,0.9154989273476969,1.1163862463922367
application_primary,APP-PRIMARY,122,1000122,2000122,36d201bf6a31f2ee460def09401e3e388e1b802b79e2919ddb3cd55895811b47,B-private-mirror,hard_09,9,hard_01,6,0.3013684478879199,0.1317538633356291,True,58,11,False,2000,399,1942,True,4,4,0.10961113899998054,False,,hard_03,0.7583796830508116,3,22671.9174544728,0.9005709315579049,1.0735968675267646
application_primary,APP-PRIMARY,123,1000123,2000123,36d201bf6a31f2ee460def09401e3e388e1b802b79e2919ddb3cd55895811b47,B-private-mirror,hard_09,9,hard_01,4,0.45,0.039039943996548865,True,58,11,False,2000,399,1942,True,4,4,0.11297140299998887,False,,hard_03,0.7328140937531048,3,25468.315364955368,0.8936686040168295,1.126850503521287
application_primary,APP-PRIMARY,124,1000124,2000124,36d201bf6a31f2ee460def09401e3e388e1b802b79e2919ddb3cd55895811b47,B-private-mirror,hard_09,9,hard_03,7,0.45,0.05027747677238176,True,53,10,False,2000,399,1947,True,4,4,0.11362328900000307,False,,hard_03,0.7294338337812006,3,25079.046481200185,0.945701808915882,1.1361719137279174
application_primary,APP-PRIMARY,125,1000125,2000125,36d201bf6a31f2ee460def09401e3e388e1b802b79e2919ddb3cd55895811b47,B-private-mirror,hard_09,9,hard_13,4,0.30375492907813584,0.1665116816545963,True,53,10,False,2000,399,1947,True,4,4,0.10927098499999488,False,,hard_03,0.7320538269260104,3,23941.25239370771,0.8645604032966815,1.0864360325034044
application_primary,APP-PRIMARY,126,1000126,2000126,36d201bf6a31f2ee460def09401e3e388e1b802b79e2919ddb3cd55895811b47,B-private-mirror,hard_09,9,hard_01,5,0.26269487238371725,0.1391037797164571,True,38,7,False,2000,399,1962,True,4,4,0.11383005599998341,False,,hard_03,0.7314031438145905,3,23887.505480031035,0.9146795946933881,1.133455651156067
application_primary,APP-PRIMARY,127,1000127,2000127,36d201bf6a31f2ee460def09401e3e388e1b802b79e2919ddb3cd55895811b47,B-private-mirror,hard_09,9,hard_01,3,0.3258151654448761,0.09790933318764017,True,48,9,False,2000,399,1952,True,4,4,0.11740285499999459,False,,hard_03,0.7279109009829382,3,25662.94579179079,0.8977511177307061,1.1597599916337957
application_primary,APP-PRIMARY,128,1000128,2000128,36d201bf6a31f2ee460def09401e3e388e1b802b79e2919ddb3cd55895811b47,B-private-mirror,hard_09,9,hard_01,4,0.27889390861856295,0.15807088101474204,True,33,6,False,2000,399,1967,True,4,4,0.10996614600000498,False,,hard_03,0.7693838963553877,3,21327.630256518125,0.86942519096018,1.0380524888160299
application_primary,APP-PRIMARY,129,1000129,2000129,36d201bf6a31f2ee460def09401e3e388e1b802b79e2919ddb3cd55895811b47,B-private-mirror,hard_09,9,hard_01,6,0.2574019591234109,0.21617538499229655,True,48,9,False,2000,399,1952,True,4,4,0.1097383579999871,False,,hard_03,0.7637451317041218,3,22928.28270623234,0.881278608061389,1.0817242632028932
application_primary,APP-PRIMARY,130,1000130,2000130,36d201bf6a31f2ee460def09401e3e388e1b802b79e2919ddb3cd55895811b47,B-private-mirror,hard_09,9,hard_01,4,0.3613225349209186,0.14136399345682926,True,53,10,False,2000,399,1947,True,4,4,0.1138578819999907,False,,hard_03,0.7585613373950045,3,21917.318549231222,0.8824212826258978,1.1478395700917894
application_primary,APP-PRIMARY,131,1000131,2000131,36d201bf6a31f2ee460def09401e3e388e1b802b79e2919ddb3cd55895811b47,B-private-mirror,hard_09,9,hard_01,6,0.2801931048909455,0.08558385934167073,True,48,9,False,2000,399,1952,True,4,4,0.11371505599998954,False,,hard_03,0.7226872908642231,3,24509.898325340517,0.9095890033994458,1.1089122773266
application_primary,APP-PRIMARY,132,1000132,2000132,36d201bf6a31f2ee460def09401e3e388e1b802b79e2919ddb3cd55895811b47,B-private-mirror,hard_09,9,hard_13,5,0.359965084188556,0.19003491581144405,True,53,10,False,2000,399,1947,True,4,4,0.11001687099999913,False,,hard_03,0.7810452236058857,3,23160.594804801854,0.8660164952780098,1.178669052051003
application_primary,APP-PRIMARY,133,1000133,2000133,36d201bf6a31f2ee460def09401e3e388e1b802b79e2919ddb3cd55895811b47,B-private-mirror,hard_09,9,hard_01,6,0.31428991166571163,0.1371722795979501,True,68,13,False,2000,399,1932,True,4,4,0.10956235699998729,False,,hard_03,0.7430200138439363,3,22562.49774339479,0.8654747699939227,1.0814554079285046
application_primary,APP-PRIMARY,134,1000134,2000134,36d201bf6a31f2ee460def09401e3e388e1b802b79e2919ddb3cd55895811b47,B-private-mirror,hard_01,1,hard_09,5,0.3857848124725719,0.06421518752742811,True,148,29,False,2000,399,1852,True,4,4,0.1087931259999948,False,,hard_06,0.39827446792408167,3,13563.939487056121,8.332656006313858,73.87568628825888
application_primary,APP-PRIMARY,135,1000135,2000135,36d201bf6a31f2ee460def09401e3e388e1b802b79e2919ddb3cd55895811b47,B-private-mirror,hard_09,9,hard_01,4,0.2325708527416239,0.17393336891105096,True,43,8,False,2000,399,1957,True,4,4,0.11239578900000424,False,,hard_03,0.7045435020180284,3,25587.535289030002,0.8629321356303119,1.003736228516748
application_primary,APP-PRIMARY,136,1000136,2000136,36d201bf6a31f2ee460def09401e3e388e1b802b79e2919ddb3cd55895811b47,B-private-mirror,hard_09,9,hard_01,5,0.2986442473433394,0.0987841644681493,True,48,9,False,2000,399,1952,True,4,4,0.11050042899998402,False,,hard_03,0.7346409571319483,3,24681.73977558804,0.9217196888409841,1.0919051986305561
application_primary,APP-PRIMARY,137,1000137,2000137,36d201bf6a31f2ee460def09401e3e388e1b802b79e2919ddb3cd55895811b47,B-private-mirror,hard_01,1,hard_09,5,0.37038230730520405,0.018222206763956583,True,168,33,False,2000,399,1832,True,4,4,0.10965830899999673,False,,hard_09,0.38960029405138563,3,11851.250897263079,2.3531252844859667,12.27401069580971
application_primary,APP-PRIMARY,138,1000138,2000138,36d201bf6a31f2ee460def09401e3e388e1b802b79e2919ddb3cd55895811b47,B-private-mirror,hard_09,9,hard_01,4,0.30924227700913154,0.11809313794791237,True,63,12,False,2000,399,1937,True,4,4,0.11069792099999631,False,,hard_03,0.7846928304256315,3,21931.62564932735,0.8486577648064412,1.0953517729072446
application_primary,APP-PRIMARY,139,1000139,2000139,36d201bf6a31f2ee460def09401e3e388e1b802b79e2919ddb3cd55895811b47,B-private-mirror,hard_09,9,hard_01,6,0.35905955176142734,0.026429123316060565,True,58,11,False,2000,399,1942,True,4,4,0.12064637099999231,False,,hard_03,0.7471690234738002,3,25766.837914477685,0.8979722164061471,1.1045232488863186
application_primary,APP-PRIMARY,140,1000140,2000140,36d201bf6a31f2ee460def09401e3e388e1b802b79e2919ddb3cd55895811b47,B-private-mirror,hard_09,9,hard_01,7,0.37650337360174907,0.15829901083014658,True,33,6,False,2000,399,1967,True,4,4,0.11234061700000098,False,,hard_03,0.73161606566915,3,24277.973211166976,0.8611192460900584,1.103513444628387
application_primary,APP-PRIMARY,141,1000141,2000141,36d201bf6a31f2ee460def09401e3e388e1b802b79e2919ddb3cd55895811b47,B-private-mirror,hard_09,9,hard_01,4,0.20742210504985578,0.23332569617691315,True,58,11,False,2000,399,1942,True,4,4,0.10996597499999439,False,,hard_03,0.7330983183717582,3,24810.948445562313,0.9148907708261356,1.094995236455284
application_primary,APP-PRIMARY,142,1000142,2000142,36d201bf6a31f2ee460def09401e3e388e1b802b79e2919ddb3cd55895811b47,B-private-mirror,hard_09,9,hard_13,6,0.3750749199568766,0.14710700307658375,True,63,12,False,2000,399,1937,True,4,4,0.12235923199997956,False,,hard_03,0.7475116393201359,3,23566.10682376068,0.8664237359503112,1.102331729127041
application_primary,APP-PRIMARY,143,1000143,2000143,36d201bf6a31f2ee460def09401e3e388e1b802b79e2919ddb3cd55895811b47,B-private-mirror,hard_09,9,hard_01,6,0.3791448235037684,0.05547129609149287,True,43,8,False,2000,399,1957,True,4,4,0.13161023099999625,False,,hard_03,0.7957809967664259,3,23502.30947304741,0.8668920809870542,1.1260383858135892
application_primary,APP-PRIMARY,144,1000144,2000144,36d201bf6a31f2ee460def09401e3e388e1b802b79e2919ddb3cd55895811b47,B-private-mirror,hard_09,9,hard_01,6,0.3772085966150807,0.09920240501440086,True,58,11,False,2000,399,1942,True,4,4,0.11005162300000393,False,,hard_03,0.7514381626850271,3,23884.562859515343,0.8835761965743104,1.100395977129794
application_primary,APP-PRIMARY,145,1000145,2000145,36d201bf6a31f2ee460def09401e3e388e1b802b79e2919ddb3cd55895811b47,B-private-mirror,hard_09,9,hard_13,6,0.36650506507606734,0.09044260103346541,True,33,6,False,2000,399,1967,True,4,4,0.10925411000002327,False,,hard_03,0.7738225723264169,3,23391.346976922596,0.9101501750571678,1.1622649026952423
application_primary,APP-PRIMARY,146,1000146,2000146,36d201bf6a31f2ee460def09401e3e388e1b802b79e2919ddb3cd55895811b47,B-private-mirror,hard_09,9,hard_03,6,0.3640416650913989,0.06220661125175858,True,68,13,False,2000,399,1932,True,4,4,0.1172652209999967,False,,hard_03,0.7503240023732387,3,25067.68139857641,0.9159323067671772,1.1468046767188143
application_primary,APP-PRIMARY,147,1000147,2000147,36d201bf6a31f2ee460def09401e3e388e1b802b79e2919ddb3cd55895811b47,B-private-mirror,hard_09,9,hard_01,6,0.2787218641384319,0.1727922078941586,True,53,10,False,2000,399,1947,True,4,4,0.11274397600001862,False,,hard_03,0.7312942733523023,3,22218.95350743017,0.8495864834895007,1.1086727135505052
application_primary,APP-PRIMARY,148,1000148,2000148,36d201bf6a31f2ee460def09401e3e388e1b802b79e2919ddb3cd55895811b47,B-private-mirror,hard_09,9,hard_01,4,0.31687921845734807,0.13343388029466668,True,68,13,False,2000,399,1932,True,4,4,0.11126500200001033,False,,hard_03,0.7419426116092931,3,24565.79144868685,0.9378786356707138,1.1939482347462906
application_primary,APP-PRIMARY,149,1000149,2000149,36d201bf6a31f2ee460def09401e3e388e1b802b79e2919ddb3cd55895811b47,B-private-mirror,hard_09,9,hard_01,5,0.36431200546633885,0.13507525645259505,True,58,11,False,2000,399,1942,True,4,4,0.10920714499999917,False,,hard_03,0.7174230358628193,3,24955.23770887688,0.9057944778739723,1.1157631627891436
application_primary,APP-PRIMARY,150,1000150,2000150,36d201bf6a31f2ee460def09401e3e388e1b802b79e2919ddb3cd55895811b47,B-private-mirror,hard_09,9,hard_01,6,0.2721573944455117,0.18136836833278852,True,98,19,False,2000,399,1902,True,4,4,0.11189297300001044,False,,hard_03,0.739266644584695,3,24896.899940675048,0.9562084030711641,1.300299687353868
application_primary,APP-PRIMARY,151,1000151,2000151,36d201bf6a31f2ee460def09401e3e388e1b802b79e2919ddb3cd55895811b47,B-private-mirror,hard_09,9,hard_01,6,0.34985516835888375,0.1453273406431127,True,33,6,False,2000,399,1967,True,4,4,0.11564972599998669,False,,hard_01,0.7681451355807191,3,11359.891771304734,2.4357756434745395,13.51442414682376
application_primary,APP-PRIMARY,152,1000152,2000152,36d201bf6a31f2ee460def09401e3e388e1b802b79e2919ddb3cd55895811b47,B-private-mirror,hard_09,9,hard_13,3,0.33295046831749797,0.17609720523184447,True,63,12,False,2000,399,1937,True,4,4,0.10980637899999124,False,,hard_03,0.7231157951175733,3,25150.603484554522,0.8676210359798652,1.0908635609186708
application_primary,APP-PRIMARY,153,1000153,2000153,36d201bf6a31f2ee460def09401e3e388e1b802b79e2919ddb3cd55895811b47,B-private-mirror,hard_09,9,candidate_anchor_00,7,0.4043789860147467,0.1252857219153451,True,53,10,False,2000,399,1947,True,4,4,0.11027287999999658,False,,hard_03,0.725664107297759,3,23545.30328604999,0.8597972877659086,1.1455424720853316
application_primary,APP-PRIMARY,154,1000154,2000154,36d201bf6a31f2ee460def09401e3e388e1b802b79e2919ddb3cd55895811b47,B-private-mirror,hard_09,9,hard_01,7,0.3223528737489521,0.2201758129964832,True,63,12,False,2000,399,1937,True,4,4,0.11663712899999723,False,,hard_03,0.744067901658229,3,24569.0066362727,0.8703569995472823,1.1531253938642294
application_primary,APP-PRIMARY,155,1000155,2000155,36d201bf6a31f2ee460def09401e3e388e1b802b79e2919ddb3cd55895811b47,B-private-mirror,hard_02,2,hard_09,3,0.3423978941819257,0.005290395838983275,True,1303,260,False,2000,399,697,True,4,4,0.12211503399998946,False,,hard_04,0.1845136040025914,3,9050.156795864943,1.7092158483161064,16.998937015176118
application_primary,APP-PRIMARY,156,1000156,2000156,36d201bf6a31f2ee460def09401e3e388e1b802b79e2919ddb3cd55895811b47,B-private-mirror,hard_09,9,hard_01,5,0.4177683757777413,0.07746182094620557,True,43,8,False,2000,399,1957,True,4,4,0.10947921299998598,False,,hard_03,0.7188217592226372,3,24890.176000217492,0.8895322655911162,1.112688344940507
application_primary,APP-PRIMARY,157,1000157,2000157,36d201bf6a31f2ee460def09401e3e388e1b802b79e2919ddb3cd55895811b47,B-private-mirror,hard_09,9,hard_01,5,0.2757279627871455,0.13310818710202577,True,48,9,False,2000,399,1952,True,4,4,0.10844890499998883,False,,hard_03,0.7360930747789223,3,24750.664162761943,0.8791064174532286,1.1147981176849435
application_primary,APP-PRIMARY,158,1000158,2000158,36d201bf6a31f2ee460def09401e3e388e1b802b79e2919ddb3cd55895811b47,B-private-mirror,hard_09,9,candidate_anchor_00,7,0.3410815837821812,0.19423171920052323,True,48,9,False,2000,399,1952,True,4,4,0.12064127799999369,False,,hard_03,0.7390307700277906,3,25705.80720200309,0.9498112511740978,1.2261412700955105
application_primary,APP-PRIMARY,159,1000159,2000159,36d201bf6a31f2ee460def09401e3e388e1b802b79e2919ddb3cd55895811b47,B-private-mirror,hard_09,9,hard_01,7,0.31339424881118566,0.22695530696587013,True,63,12,False,2000,399,1937,True,4,4,0.1130712410000001,False,,hard_03,0.7351429885931792,3,26107.426327216745,0.9046286171401668,1.1208647416483746
application_primary,APP-PRIMARY,160,1000160,2000160,36d201bf6a31f2ee460def09401e3e388e1b802b79e2919ddb3cd55895811b47,B-private-mirror,hard_09,9,hard_01,4,0.39629757495446405,0.11001064159521179,True,53,10,False,2000,399,1947,True,4,4,0.11123770200001104,False,,hard_03,0.7649633608273885,3,23469.605424602854,0.9132471547629082,1.1008186957273622
application_primary,APP-PRIMARY,161,1000161,2000161,36d201bf6a31f2ee460def09401e3e388e1b802b79e2919ddb3cd55895811b47,B-private-mirror,hard_09,9,hard_13,6,0.3389484204724906,0.1613554787725892,True,58,11,False,2000,399,1942,True,4,4,0.10995171400000459,False,,hard_03,0.7423527469791765,3,23613.9557208024,0.8544872980616417,1.1124151999009024
application_primary,APP-PRIMARY,162,1000162,2000162,36d201bf6a31f2ee460def09401e3e388e1b802b79e2919ddb3cd55895811b47,B-private-mirror,hard_09,9,hard_01,6,0.33548791000452927,0.029108663074312147,True,53,10,False,2000,399,1947,True,4,4,0.11087474400000019,False,,hard_01,0.7660661486984047,3,9985.370867908689,2.1527127403648008,12.161149918557957
application_primary,APP-PRIMARY,163,1000163,2000163,36d201bf6a31f2ee460def09401e3e388e1b802b79e2919ddb3cd55895811b47,B-private-mirror,hard_01,1,hard_09,6,0.4404484577615731,0.009551542238426913,True,123,24,False,2000,399,1877,True,4,4,0.11281656299999554,False,,hard_09,0.325921290554906,3,14901.912161063856,3.1858958062569105,17.83389605331683
application_primary,APP-PRIMARY,164,1000164,2000164,36d201bf6a31f2ee460def09401e3e388e1b802b79e2919ddb3cd55895811b47,B-private-mirror,hard_09,9,hard_01,3,0.2925541969103147,0.11890224420945972,True,33,6,False,2000,399,1967,True,4,4,0.11128469199999813,False,,hard_03,0.722551185476415,3,23160.972675390018,0.8912480721453145,1.098901564266558
application_primary,APP-PRIMARY,165,1000165,2000165,36d201bf6a31f2ee460def09401e3e388e1b802b79e2919ddb3cd55895811b47,B-private-mirror,hard_09,9,hard_13,5,0.3903124157296457,0.12826969784381748,True,53,10,False,2000,399,1947,True,4,4,0.10974798700001998,False,,hard_03,0.7466237767548489,3,23671.08303456718,0.9104583116784734,1.1406685958618281
application_primary,APP-PRIMARY,166,1000166,2000166,36d201bf6a31f2ee460def09401e3e388e1b802b79e2919ddb3cd55895811b47,B-private-mirror,hard_09,9,hard_01,6,0.29392348099539706,0.09558973594922782,True,38,7,False,2000,399,1962,True,4,4,0.11477152200001228,False,,hard_03,0.7290777218764968,3,22988.925303850476,0.8978472549647121,1.0518089003009212
application_primary,APP-PRIMARY,167,1000167,2000167,36d201bf6a31f2ee460def09401e3e388e1b802b79e2919ddb3cd55895811b47,B-private-mirror,hard_01,1,hard_09,3,0.33720509679513216,0.04552475907279929,True,103,20,False,2000,399,1897,True,4,4,0.11925048599999855,False,,hard_09,0.39190765276678796,3,11685.682526014294,2.931527184764378,20.289735386702333
application_primary,APP-PRIMARY,168,1000168,2000168,36d201bf6a31f2ee460def09401e3e388e1b802b79e2919ddb3cd55895811b47,B-private-mirror,hard_09,9,hard_13,9,0.43245653478759416,0.11754346521240588,True,48,9,False,2000,399,1952,True,4,4,0.11314346800000408,False,,hard_03,0.7497791781222236,3,24016.116255320507,0.8859314517328812,1.0690822536524418
application_primary,APP-PRIMARY,169,1000169,2000169,36d201bf6a31f2ee460def09401e3e388e1b802b79e2919ddb3cd55895811b47,B-private-mirror,hard_09,9,hard_13,7,0.37918591376150673,0.11279846345389094,True,48,9,False,2000,399,1952,True,4,4,0.1127944760000048,False,,hard_03,0.7463053146115656,3,24491.701853568557,0.899069850352367,1.1005150226671379
application_primary,APP-PRIMARY,170,1000170,2000170,36d201bf6a31f2ee460def09401e3e388e1b802b79e2919ddb3cd55895811b47,B-private-mirror,hard_09,9,hard_13,4,0.30482585392670647,0.24517414607329358,True,58,11,False,2000,399,1942,True,4,4,0.11456508599999893,False,,hard_03,0.7186888399745498,3,23165.355486944878,0.9028168283584405,1.088978267826183
application_primary,APP-PRIMARY,171,1000171,2000171,36d201bf6a31f2ee460def09401e3e388e1b802b79e2919ddb3cd55895811b47,B-private-mirror,hard_09,9,hard_01,5,0.31678705926647593,0.09783178957339073,True,43,8,False,2000,399,1957,True,4,4,0.11361384099998872,False,,hard_03,0.7520351897299957,3,23267.73904714655,0.864423854987788,1.1271390122077294
application_primary,APP-PRIMARY,172,1000172,2000172,36d201bf6a31f2ee460def09401e3e388e1b802b79e2919ddb3cd55895811b47,B-private-mirror,hard_09,9,candidate_anchor_00,6,0.3871544117809473,0.0828376416747234,True,48,9,False,2000,399,1952,True,4,4,0.11373795000000086,False,,hard_03,0.7690911535552286,3,23512.63129117736,0.8202095804435263,1.1237480676222842
application_primary,APP-PRIMARY,173,1000173,2000173,36d201bf6a31f2ee460def09401e3e388e1b802b79e2919ddb3cd55895811b47,B-private-mirror,hard_01,1,hard_09,6,0.3574702648419885,0.026864067833953564,True,158,31,False,2000,399,1842,True,4,4,0.10753012200001422,False,,hard_05,0.4106741690632319,3,18136.673769499786,8.751684179069251,86.78239924775352
application_primary,APP-PRIMARY,174,1000174,2000174,36d201bf6a31f2ee460def09401e3e388e1b802b79e2919ddb3cd55895811b47,B-private-mirror,hard_01,1,hard_02,5,0.3772837783953269,0.06486997199641814,True,148,29,False,2000,399,1852,True,4,4,0.10990530500001228,False,,hard_09,0.3987202397315504,3,13379.10399869266,2.7984254982538452,15.98299553101586
application_primary,APP-PRIMARY,175,1000175,2000175,36d201bf6a31f2ee460def09401e3e388e1b802b79e2919ddb3cd55895811b47,B-private-mirror,hard_09,9,hard_01,6,0.2855214093237093,0.229299983897292,True,53,10,False,2000,399,1947,True,4,4,0.11181787200001736,False,,hard_03,0.7123734418058334,3,24137.161603229768,0.8684173379417265,1.0875372379892463
application_primary,APP-PRIMARY,176,1000176,2000176,36d201bf6a31f2ee460def09401e3e388e1b802b79e2919ddb3cd55895811b47,B-private-mirror,hard_09,9,hard_01,3,0.31638558873506023,0.05190949920470117,True,43,8,False,2000,399,1957,True,4,4,0.11360337999997228,False,,hard_03,0.7379030787473854,3,24124.75110474876,0.903001576729684,1.1353889548607252
application_primary,APP-PRIMARY,177,1000177,2000177,36d201bf6a31f2ee460def09401e3e388e1b802b79e2919ddb3cd55895811b47,B-private-mirror,hard_09,9,hard_01,6,0.3676268550922003,0.08592033936813664,True,63,12,False,2000,399,1937,True,4,4,0.11059448800000382,False,,hard_03,0.7068712459109036,3,24438.469553410756,0.8532536081430838,1.1240120766465769
application_primary,APP-PRIMARY,178,1000178,2000178,36d201bf6a31f2ee460def09401e3e388e1b802b79e2919ddb3cd55895811b47,B-private-mirror,hard_09,9,hard_01,6,0.280741604717917,0.16833092768633268,True,38,7,False,2000,399,1962,True,4,4,0.10925211099998933,False,,hard_03,0.7743244227457475,3,21449.48270518786,0.9388416209390951,1.1152515087429762
application_primary,APP-PRIMARY,179,1000179,2000179,36d201bf6a31f2ee460def09401e3e388e1b802b79e2919ddb3cd55895811b47,B-private-mirror,hard_09,9,hard_01,5,0.2758640627504185,0.17044148066820614,True,43,8,False,2000,399,1957,True,4,4,0.11006265899999335,False,,hard_03,0.7555387026979024,3,22848.98544000013,0.9023454049455351,1.1306592976505367
application_primary,APP-PRIMARY,180,1000180,2000180,36d201bf6a31f2ee460def09401e3e388e1b802b79e2919ddb3cd55895811b47,B-private-mirror,hard_09,9,candidate_anchor_00,5,0.3141684668079408,0.12462271309369605,True,43,8,False,2000,399,1957,True,4,4,0.1142381720000003,False,,hard_03,0.7434845539308131,3,24539.365917447445,0.9147331083552945,1.0789284748986774
application_primary,APP-PRIMARY,181,1000181,2000181,36d201bf6a31f2ee460def09401e3e388e1b802b79e2919ddb3cd55895811b47,B-private-mirror,hard_09,9,hard_01,5,0.30192352717149956,0.2000808852113562,True,63,12,False,2000,399,1937,True,4,4,0.11151859299999956,False,,hard_03,0.7397504181783932,3,23857.65574540678,0.912787793375745,1.1083584528336683
application_primary,APP-PRIMARY,182,1000182,2000182,36d201bf6a31f2ee460def09401e3e388e1b802b79e2919ddb3cd55895811b47,B-private-mirror,hard_09,9,hard_01,4,0.27629539164438477,0.12033578190384947,True,43,8,False,2000,399,1957,True,4,4,0.11005769100000862,False,,hard_03,0.7353556229977786,3,24818.378280306486,0.9043773622949602,1.0622269880779793
application_primary,APP-PRIMARY,183,1000183,2000183,36d201bf6a31f2ee460def09401e3e388e1b802b79e2919ddb3cd55895811b47,B-private-mirror,hard_09,9,hard_01,5,0.25586440433358115,0.17004607903982505,True,58,11,False,2000,399,1942,True,4,4,0.10974559900000713,False,,hard_03,0.7444060880005295,3,24299.10410585006,0.8523194144451397,1.1354490411754639
application_primary,APP-PRIMARY,184,1000184,2000184,36d201bf6a31f2ee460def09401e3e388e1b802b79e2919ddb3cd55895811b47,B-private-mirror,hard_09,9,hard_13,6,0.45,0.061460669983453065,True,48,9,False,2000,399,1952,True,4,4,0.11203062800001362,False,,hard_03,0.7052391935193978,3,24604.399812726253,0.8877912481808159,1.1133695979067388
application_primary,APP-PRIMARY,185,1000185,2000185,36d201bf6a31f2ee460def09401e3e388e1b802b79e2919ddb3cd55895811b47,B-private-mirror,hard_01,1,hard_09,4,0.4321827458313188,0.0005345274822310397,True,148,29,False,2000,399,1852,True,4,4,0.10905315200000132,False,,hard_05,0.3895901803004003,3,15707.338010043759,8.385908177597685,79.23295751904476
application_primary,APP-PRIMARY,186,1000186,2000186,36d201bf6a31f2ee460def09401e3e388e1b802b79e2919ddb3cd55895811b47,B-private-mirror,hard_09,9,hard_13,7,0.3915293386970573,0.0923753986492104,True,63,12,False,2000,399,1937,True,4,4,0.11106943799998703,False,,hard_03,0.750180564282473,3,23622.077264387473,0.8908903491321831,1.1306671251469904
application_primary,APP-PRIMARY,187,1000187,2000187,36d201bf6a31f2ee460def09401e3e388e1b802b79e2919ddb3cd55895811b47,B-private-mirror,hard_09,9,hard_01,4,0.32228017979495394,0.12028809510436661,True,53,10,False,2000,399,1947,True,4,4,0.11235842399997864,False,,hard_03,0.7112132752058126,3,24342.374276485556,0.8696755383740741,1.098729881292229
application_primary,APP-PRIMARY,188,1000188,2000188,36d201bf6a31f2ee460def09401e3e388e1b802b79e2919ddb3cd55895811b47,B-private-mirror,hard_09,9,hard_13,5,0.3716632664448076,0.17833673355519242,True,38,7,False,2000,399,1962,True,4,4,0.1134186760000091,False,,hard_03,0.7468848467280093,3,23272.359136669795,0.8754375071845979,1.0961337892581544
application_primary,APP-PRIMARY,189,1000189,2000189,36d201bf6a31f2ee460def09401e3e388e1b802b79e2919ddb3cd55895811b47,B-private-mirror,hard_01,1,hard_09,3,0.35105338072538267,0.024574945360104183,True,343,68,False,2000,399,1657,True,4,4,0.10703642100000366,False,,hard_09,0.36562800468015044,3,13408.92042702314,2.9019980176847096,17.492277716805727
application_primary,APP-PRIMARY,190,1000190,2000190,36d201bf6a31f2ee460def09401e3e388e1b802b79e2919ddb3cd55895811b47,B-private-mirror,hard_09,9,hard_01,6,0.3050231382369142,0.02084246231940029,True,38,7,False,2000,399,1962,True,4,4,0.10944865799999093,False,,hard_03,0.7544816208637667,3,22715.381126825498,0.8929924183605782,1.1043263969833663
application_primary,APP-PRIMARY,191,1000191,2000191,36d201bf6a31f2ee460def09401e3e388e1b802b79e2919ddb3cd55895811b47,B-private-mirror,hard_09,9,hard_01,6,0.3912093184442573,0.13910243095163533,True,63,12,False,2000,399,1937,True,4,4,0.1094010580000031,False,,hard_03,0.7388968118797766,3,24576.486337533177,0.8701970377845323,1.074422459501906
application_primary,APP-PRIMARY,192,1000192,2000192,36d201bf6a31f2ee460def09401e3e388e1b802b79e2919ddb3cd55895811b47,B-private-mirror,hard_09,9,hard_13,6,0.35294269577536197,0.19705730422463807,True,58,11,False,2000,399,1942,True,4,4,0.1138480030000153,False,,hard_03,0.7376865088386125,3,25072.40386870454,0.8784608203304022,1.1255269629857079
application_primary,APP-PRIMARY,193,1000193,2000193,36d201bf6a31f2ee460def09401e3e388e1b802b79e2919ddb3cd55895811b47,B-private-mirror,hard_01,1,hard_09,6,0.4494003105074688,0.0005996894925311969,True,168,33,False,2000,399,1832,True,4,4,0.1071125029999962,False,,hard_05,0.40918986609655494,3,17878.984714026068,9.286702206694935,97.49894092559002
application_primary,APP-PRIMARY,194,1000194,2000194,36d201bf6a31f2ee460def09401e3e388e1b802b79e2919ddb3cd55895811b47,B-private-mirror,hard_09,9,hard_01,4,0.3951922939210292,0.14979141579838845,True,53,10,False,2000,399,1947,True,4,4,0.11071941299999821,False,,hard_03,0.7417123929714445,3,24984.372736275556,0.8820313382822641,1.116609033702604
application_primary,APP-PRIMARY,195,1000195,2000195,36d201bf6a31f2ee460def09401e3e388e1b802b79e2919ddb3cd55895811b47,B-private-mirror,hard_09,9,hard_01,5,0.41179525509889664,0.03188855000472279,True,48,9,False,2000,399,1952,True,4,4,0.10934647700000255,False,,hard_03,0.7155810306802362,3,22538.86804929824,0.9318106061189284,1.0296253861361464
application_primary,APP-PRIMARY,196,1000196,2000196,36d201bf6a31f2ee460def09401e3e388e1b802b79e2919ddb3cd55895811b47,B-private-mirror,hard_09,9,hard_01,5,0.4154466342858221,0.051987226010871745,True,53,10,False,2000,399,1947,True,4,4,0.11262003199999526,False,,hard_03,0.732272489593264,3,23100.986178128005,0.9178949213971622,1.0237905391572815
application_primary,APP-PRIMARY,197,1000197,2000197,36d201bf6a31f2ee460def09401e3e388e1b802b79e2919ddb3cd55895811b47,B-private-mirror,hard_09,9,hard_01,6,0.37100035632123135,0.03220318102067821,True,53,10,False,2000,399,1947,True,4,4,0.11470967099998575,False,,hard_03,0.772897200102862,3,23559.370668928685,0.8826082642800032,1.1375494283596648
application_primary,APP-PRIMARY,198,1000198,2000198,36d201bf6a31f2ee460def09401e3e388e1b802b79e2919ddb3cd55895811b47,B-private-mirror,hard_09,9,hard_01,4,0.33028466845566545,0.1279721802238602,True,58,11,False,2000,399,1942,True,4,4,0.11073890200000847,False,,hard_03,0.7437543838781883,3,22752.378200525032,0.8556060591610669,1.043097085179952
application_primary,APP-PRIMARY,199,1000199,2000199,36d201bf6a31f2ee460def09401e3e388e1b802b79e2919ddb3cd55895811b47,B-private-mirror,hard_09,9,hard_13,7,0.2942148359527704,0.2463726540038218,True,38,7,False,2000,399,1962,True,4,4,0.1091038070000252,False,,hard_03,0.7447354155007408,3,24876.621648525535,0.929749546986634,1.1150426797274695
application_primary,APP-PRIMARY,200,1000200,2000200,36d201bf6a31f2ee460def09401e3e388e1b802b79e2919ddb3cd55895811b47,B-private-mirror,hard_09,9,hard_01,6,0.33494714876985093,0.1410543042810406,True,58,11,False,2000,399,1942,True,4,4,0.11289453899999558,False,,hard_03,0.7591294655160973,3,23417.455417696543,0.8862265674921246,1.096606348671351
application_primary,APP-PRIMARY,201,1000201,2000201,36d201bf6a31f2ee460def09401e3e388e1b802b79e2919ddb3cd55895811b47,B-private-mirror,hard_09,9,hard_01,4,0.45,0.003182299627099261,True,63,12,False,2000,399,1937,True,4,4,0.11096593899998197,False,,hard_03,0.7406583783127719,3,22916.296808711122,0.8681636729515662,1.1242083662407971
application_primary,APP-PRIMARY,202,1000202,2000202,36d201bf6a31f2ee460def09401e3e388e1b802b79e2919ddb3cd55895811b47,B-private-mirror,hard_09,9,hard_13,6,0.2964026217800497,0.19696654405828729,True,68,13,False,2000,399,1932,True,4,4,0.10947467699998015,False,,hard_03,0.7363833421440833,3,23457.08921751562,0.8646520845574569,1.1194577313021548
application_primary,APP-PRIMARY,203,1000203,2000203,36d201bf6a31f2ee460def09401e3e388e1b802b79e2919ddb3cd55895811b47,B-private-mirror,hard_09,9,hard_01,6,0.3381942068603212,0.10690714626125636,True,58,11,False,2000,399,1942,True,4,4,0.1101944250000031,False,,hard_01,0.7893115494433541,3,10759.31052391115,1.9577486687193515,10.264927679866704
application_primary,APP-PRIMARY,204,1000204,2000204,36d201bf6a31f2ee460def09401e3e388e1b802b79e2919ddb3cd55895811b47,B-private-mirror,hard_09,9,hard_01,6,0.45,0.010455976613499784,True,53,10,False,2000,399,1947,True,4,4,0.1582037949999915,False,,hard_03,0.7216967800371624,3,23753.827289977733,0.8819339932601828,1.125538346779819
application_primary,APP-PRIMARY,205,1000205,2000205,36d201bf6a31f2ee460def09401e3e388e1b802b79e2919ddb3cd55895811b47,B-private-mirror,hard_09,9,hard_01,5,0.2630723990066391,0.1491227004873747,True,48,9,False,2000,399,1952,True,4,4,0.10930973300000346,False,,hard_03,0.7258692660998379,3,22547.73507483939,0.888772916118963,1.117404407244515
application_primary,APP-PRIMARY,206,1000206,2000206,36d201bf6a31f2ee460def09401e3e388e1b802b79e2919ddb3cd55895811b47,B-private-mirror,hard_09,9,hard_01,5,0.3188240657382717,0.16865923197250998,True,43,8,False,2000,399,1957,True,4,4,0.10919293899999616,False,,hard_03,0.7436290133967127,3,25781.082112936856,0.9091711081045782,1.111558973861196
application_primary,APP-PRIMARY,207,1000207,2000207,36d201bf6a31f2ee460def09401e3e388e1b802b79e2919ddb3cd55895811b47,B-private-mirror,hard_01,1,candidate_anchor_00,5,0.34660142024127166,0.08610845421418017,True,168,33,False,2000,399,1832,True,4,4,0.11373947199999179,False,,hard_05,0.3906411520907356,3,20278.140537457282,9.541615681525471,110.77680158102478
application_primary,APP-PRIMARY,208,1000208,2000208,36d201bf6a31f2ee460def09401e3e388e1b802b79e2919ddb3cd55895811b47,B-private-mirror,hard_09,9,hard_13,5,0.26789363309484193,0.23098467375559195,True,58,11,False,2000,399,1942,True,4,4,0.11510524700000246,False,,hard_03,0.7090991773081251,3,22260.080890899026,0.912090780132637,1.0767868786988877
application_primary,APP-PRIMARY,209,1000209,2000209,36d201bf6a31f2ee460def09401e3e388e1b802b79e2919ddb3cd55895811b47,B-private-mirror,hard_09,9,hard_01,6,0.34583525950159305,0.06917665942995282,True,48,9,False,2000,399,1952,True,4,4,0.11113735300000371,False,,hard_03,0.7495747707940466,3,22521.272835928285,0.8918994926898357,1.0509768911961177
application_primary,APP-PRIMARY,210,1000210,2000210,36d201bf6a31f2ee460def09401e3e388e1b802b79e2919ddb3cd55895811b47,B-private-mirror,hard_09,9,hard_13,5,0.3897510590432196,0.10041540257114812,True,33,6,False,2000,399,1967,True,4,4,0.11921509300000821,False,,hard_03,0.7653969478996853,3,22962.076572775306,0.8813366088088287,1.131828665751538
application_primary,APP-PRIMARY,211,1000211,2000211,36d201bf6a31f2ee460def09401e3e388e1b802b79e2919ddb3cd55895811b47,B-private-mirror,hard_09,9,hard_01,6,0.4075419699727247,0.11279595082239174,True,68,13,False,2000,399,1932,True,4,4,0.13516145399998436,False,,hard_03,0.7458814076213488,3,23677.531099435048,0.895327553106822,1.0903247905860034
application_primary,APP-PRIMARY,212,1000212,2000212,36d201bf6a31f2ee460def09401e3e388e1b802b79e2919ddb3cd55895811b47,B-private-mirror,hard_09,9,hard_01,6,0.3335460188127771,0.11087937996904124,True,48,9,False,2000,399,1952,True,4,4,0.11207921999999826,False,,hard_03,0.735623076470248,3,23194.11371338219,0.9192352793953983,1.1035202925435836
application_primary,APP-PRIMARY,213,1000213,2000213,36d201bf6a31f2ee460def09401e3e388e1b802b79e2919ddb3cd55895811b47,B-private-mirror,hard_09,9,hard_13,6,0.3064569013337655,0.2134883348406374,True,58,11,False,2000,399,1942,True,4,4,0.1134300479999979,False,,hard_03,0.7455138526669434,3,22967.240090510262,0.8745656392082015,1.1216914234973134
application_primary,APP-PRIMARY,214,1000214,2000214,36d201bf6a31f2ee460def09401e3e388e1b802b79e2919ddb3cd55895811b47,B-private-mirror,hard_09,9,hard_01,4,0.3125656892813695,0.09810280530615645,True,48,9,False,2000,399,1952,True,4,4,0.1158408839999936,False,,hard_03,0.7352673118107607,3,22664.910459384682,0.9103880886229215,1.0977059129493443
application_primary,APP-PRIMARY,215,1000215,2000215,36d201bf6a31f2ee460def09401e3e388e1b802b79e2919ddb3cd55895811b47,B-private-mirror,hard_09,9,hard_01,3,0.38756479205930416,0.08293136785810024,True,53,10,False,2000,399,1947,True,4,4,0.11001080099998717,False,,hard_03,0.7272212599290881,3,26440.22840251078,0.9230990037007635,1.172737711988675
application_primary,APP-PRIMARY,216,1000216,2000216,36d201bf6a31f2ee460def09401e3e388e1b802b79e2919ddb3cd55895811b47,B-private-mirror,hard_09,9,candidate_anchor_00,8,0.3880393641729044,0.11886297980939664,True,58,11,False,2000,399,1942,True,4,4,0.11331817699999647,False,,hard_03,0.7654374509367825,3,22125.404293547785,0.8852085645184662,1.081379137770074
application_primary,APP-PRIMARY,217,1000217,2000217,36d201bf6a31f2ee460def09401e3e388e1b802b79e2919ddb3cd55895811b47,B-private-mirror,hard_09,9,hard_01,6,0.346170184587644,0.16937554065714927,True,43,8,False,2000,399,1957,True,4,4,0.1126724549999949,False,,hard_03,0.7209732614794403,3,22810.017501064678,0.9164170263845469,1.0747539495369163
application_primary,APP-PRIMARY,218,1000218,2000218,36d201bf6a31f2ee460def09401e3e388e1b802b79e2919ddb3cd55895811b47,B-private-mirror,hard_09,9,hard_01,3,0.26638569692894287,0.1710531336988554,True,58,11,False,2000,399,1942,True,4,4,0.1101283760000058,False,,hard_03,0.741614080408142,3,22494.945034905777,0.8326608438070758,1.1096569371121932
application_primary,APP-PRIMARY,219,1000219,2000219,36d201bf6a31f2ee460def09401e3e388e1b802b79e2919ddb3cd55895811b47,B-private-mirror,hard_09,9,hard_01,5,0.3569835995135876,0.12165712315557159,True,58,11,False,2000,399,1942,True,4,4,0.11172228899999936,False,,hard_03,0.750872693739035,3,23190.465017070044,0.8875408840456169,1.0718693804932742
application_primary,APP-PRIMARY,220,1000220,2000220,36d201bf6a31f2ee460def09401e3e388e1b802b79e2919ddb3cd55895811b47,B-private-mirror,hard_09,9,hard_01,4,0.35979342056148383,0.15312079585434574,True,48,9,False,2000,399,1952,True,4,4,0.1124760579999986,False,,hard_03,0.7484264152202111,3,22834.610336422695,0.8726224237129361,1.130509169871129
application_primary,APP-PRIMARY,221,1000221,2000221,36d201bf6a31f2ee460def09401e3e388e1b802b79e2919ddb3cd55895811b47,B-private-mirror,hard_09,9,hard_13,6,0.34925595647619195,0.1993922912337422,True,58,11,False,2000,399,1942,True,4,4,0.11216836200000557,False,,hard_03,0.7376713310597953,3,24725.58287276486,0.9282069853218823,1.0877817803033567
application_primary,APP-PRIMARY,222,1000222,2000222,36d201bf6a31f2ee460def09401e3e388e1b802b79e2919ddb3cd55895811b47,B-private-mirror,hard_09,9,hard_01,6,0.27097264211323496,0.2153689081058583,True,68,13,False,2000,399,1932,True,4,4,0.10885608999998908,False,,hard_03,0.7139213541112368,3,26319.410858160503,0.8787749900937625,1.1485228218117576
application_primary,APP-PRIMARY,223,1000223,2000223,36d201bf6a31f2ee460def09401e3e388e1b802b79e2919ddb3cd55895811b47,B-private-mirror,candidate_anchor_00,0,hard_09,7,0.4323323590769196,0.0011625322072044697,False,2000,400,False,2000,399,0,True,4,4,0.10893834200001606,False,,hard_12,0.07927689797140593,3,36226.73953522787,26.51004877697519,711.606651697398
application_primary,APP-PRIMARY,224,1000224,2000224,36d201bf6a31f2ee460def09401e3e388e1b802b79e2919ddb3cd55895811b47,B-private-mirror,hard_09,9,hard_01,4,0.3038857890000964,0.16006124951857192,True,63,12,False,2000,399,1937,True,4,4,0.11684513900002003,False,,hard_03,0.6979856341084248,3,24076.755862444712,0.8939948884224344,1.0729255305938061
application_primary,APP-PRIMARY,225,1000225,2000225,36d201bf6a31f2ee460def09401e3e388e1b802b79e2919ddb3cd55895811b47,B-private-mirror,hard_09,9,hard_13,6,0.41416952733833456,0.03933245903302929,True,58,11,False,2000,399,1942,True,4,4,0.11063123200000291,False,,hard_03,0.762205076276605,3,22776.900654128043,0.891280019919052,1.080329747303162
application_primary,APP-PRIMARY,226,1000226,2000226,36d201bf6a31f2ee460def09401e3e388e1b802b79e2919ddb3cd55895811b47,B-private-mirror,hard_09,9,hard_01,5,0.3599321978430624,0.05187029481143668,True,48,9,False,2000,399,1952,True,4,4,0.11058260000001496,False,,hard_03,0.7641397407541358,3,23000.70938653063,0.9750463581284583,1.1417275980245296
application_primary,APP-PRIMARY,227,1000227,2000227,36d201bf6a31f2ee460def09401e3e388e1b802b79e2919ddb3cd55895811b47,B-private-mirror,hard_09,9,hard_01,5,0.2972528526387616,0.12284728284720509,True,58,11,False,2000,399,1942,True,4,4,0.11107140499998991,False,,hard_03,0.7350062646381978,3,24138.677156707563,0.9264843911225139,1.098894535904337
application_primary,APP-PRIMARY,228,1000228,2000228,36d201bf6a31f2ee460def09401e3e388e1b802b79e2919ddb3cd55895811b47,B-private-mirror,hard_09,9,hard_01,4,0.25655714346450353,0.09875297260950433,True,38,7,False,2000,399,1962,True,4,4,0.11295242400001371,False,,hard_03,0.7404572728412998,3,24565.38716315845,0.9267697025382519,1.1645034129044296
application_primary,APP-PRIMARY,229,1000229,2000229,36d201bf6a31f2ee460def09401e3e388e1b802b79e2919ddb3cd55895811b47,B-private-mirror,hard_09,9,hard_01,6,0.3247131552144838,0.11956736425804848,True,63,12,False,2000,399,1937,True,4,4,0.11126594300000647,False,,hard_03,0.7525502515139434,3,22626.37334383562,0.9004952035159963,1.0955915682339634
application_primary,APP-PRIMARY,230,1000230,2000230,36d201bf6a31f2ee460def09401e3e388e1b802b79e2919ddb3cd55895811b47,B-private-mirror,hard_09,9,hard_13,6,0.3330988408669616,0.16422427853067867,True,48,9,False,2000,399,1952,True,4,4,0.10994777899998098,False,,hard_03,0.7425716311453961,3,25665.415407814526,0.8166544320591501,1.0736589917803252
application_primary,APP-PRIMARY,231,1000231,2000231,36d201bf6a31f2ee460def09401e3e388e1b802b79e2919ddb3cd55895811b47,B-private-mirror,hard_01,1,hard_09,6,0.44228472712292466,0.007715272877075352,True,233,46,False,2000,399,1767,True,4,4,0.10707827300001327,False,,hard_05,0.3844201030739965,3,31455.0590526613,10.599534487770818,138.56094732502135
application_primary,APP-PRIMARY,232,1000232,2000232,36d201bf6a31f2ee460def09401e3e388e1b802b79e2919ddb3cd55895811b47,B-private-mirror,hard_09,9,hard_01,4,0.379528706838726,0.07919406065849138,True,53,10,False,2000,399,1947,True,4,4,0.1170835220000015,False,,hard_03,0.7112019651413873,3,23664.50061508803,0.8593932333371799,1.0717348749998803
application_primary,APP-PRIMARY,233,1000233,2000233,36d201bf6a31f2ee460def09401e3e388e1b802b79e2919ddb3cd55895811b47,B-private-mirror,hard_09,9,hard_01,5,0.2921848220210411,0.1493288604711852,True,58,11,False,2000,399,1942,True,4,4,0.11120705600001202,False,,hard_03,0.7414062082385938,3,24765.56828512049,0.9398625953082266,1.1072407977730254
application_primary,APP-PRIMARY,234,1000234,2000234,36d201bf6a31f2ee460def09401e3e388e1b802b79e2919ddb3cd55895811b47,B-private-mirror,hard_01,1,hard_09,2,0.29393428889520296,0.01842024843614093,True,123,24,False,2000,399,1877,True,4,4,0.11331048600001736,False,,hard_09,0.35492854057905315,3,14945.620540174232,2.8081523974493887,16.273970091531083
application_primary,APP-PRIMARY,235,1000235,2000235,36d201bf6a31f2ee460def09401e3e388e1b802b79e2919ddb3cd55895811b47,B-private-mirror,hard_09,9,hard_01,6,0.3661014897604908,0.13534944395905418,True,68,13,False,2000,399,1932,True,4,4,0.11119539800000666,False,,hard_03,0.7597548956920196,3,24555.01879146502,0.8296417309425234,1.0942595160933823
application_primary,APP-PRIMARY,236,1000236,2000236,36d201bf6a31f2ee460def09401e3e388e1b802b79e2919ddb3cd55895811b47,B-private-mirror,hard_09,9,hard_01,6,0.36582004148922437,0.1296432358428456,True,63,12,False,2000,399,1937,True,4,4,0.1119639789999951,False,,hard_03,0.7102334496752866,3,24137.760808677507,0.8579228227292527,1.116356316458006
application_primary,APP-PRIMARY,237,1000237,2000237,36d201bf6a31f2ee460def09401e3e388e1b802b79e2919ddb3cd55895811b47,B-private-mirror,hard_09,9,hard_01,6,0.34785907048471526,0.158508339073877,True,58,11,False,2000,399,1942,True,4,4,0.11051158500001179,False,,hard_03,0.7473432235210969,3,23641.873945287152,0.885498637499043,1.1034661961923606
application_primary,APP-PRIMARY,238,1000238,2000238,36d201bf6a31f2ee460def09401e3e388e1b802b79e2919ddb3cd55895811b47,B-private-mirror,hard_09,9,hard_01,6,0.45,0.04694415815157715,True,48,9,False,2000,399,1952,True,4,4,0.11086295599997698,False,,hard_03,0.7049899631729983,3,25341.788214410728,0.8843490798393417,1.1453030117683787
application_primary,APP-PRIMARY,239,1000239,2000239,36d201bf6a31f2ee460def09401e3e388e1b802b79e2919ddb3cd55895811b47,B-private-mirror,hard_09,9,hard_01,6,0.45,0.020856265764889526,True,48,9,False,2000,399,1952,True,4,4,0.11089356100001169,False,,hard_03,0.7397622088648144,3,23313.72684694402,0.8506602498677799,1.0622597800830622
application_primary,APP-PRIMARY,240,1000240,2000240,36d201bf6a31f2ee460def09401e3e388e1b802b79e2919ddb3cd55895811b47,B-private-mirror,hard_09,9,hard_03,6,0.45,0.09037501889762573,True,38,7,False,2000,399,1962,True,4,4,0.11622035199999914,False,,hard_03,0.728846036273934,3,24669.52166312637,0.8445696298865027,1.0435381865165887
application_primary,APP-PRIMARY,241,1000241,2000241,36d201bf6a31f2ee460def09401e3e388e1b802b79e2919ddb3cd55895811b47,B-private-mirror,hard_09,9,hard_01,6,0.28810120585805143,0.0695025376704323,True,58,11,False,2000,399,1942,True,4,4,0.11005643999999393,False,,hard_03,0.7676690475210826,3,21264.758991916282,0.8943991358534197,1.0809547786205675
application_primary,APP-PRIMARY,242,1000242,2000242,36d201bf6a31f2ee460def09401e3e388e1b802b79e2919ddb3cd55895811b47,B-private-mirror,hard_09,9,hard_01,6,0.33247301014958935,0.16513840339719515,True,48,9,False,2000,399,1952,True,4,4,0.11210016100000075,False,,hard_03,0.7605338137793338,3,23945.4101999327,0.8764402259060132,1.077695315558798
application_primary,APP-PRIMARY,243,1000243,2000243,36d201bf6a31f2ee460def09401e3e388e1b802b79e2919ddb3cd55895811b47,B-private-mirror,hard_09,9,hard_01,4,0.2045193659843149,0.1950300301520824,True,63,12,False,2000,399,1937,True,4,4,0.11122821800000793,False,,hard_03,0.7440648047843306,3,23006.880674021086,0.8760489803389085,1.0633081230579786
application_primary,APP-PRIMARY,244,1000244,2000244,36d201bf6a31f2ee460def09401e3e388e1b802b79e2919ddb3cd55895811b47,B-private-mirror,hard_09,9,hard_13,6,0.45,0.10000000000000003,True,63,12,False,2000,399,1937,True,4,4,0.1118817960000058,False,,hard_03,0.7252492911884786,3,23597.302229540135,0.8168564371780378,1.0971894335534753
application_primary,APP-PRIMARY,245,1000245,2000245,36d201bf6a31f2ee460def09401e3e388e1b802b79e2919ddb3cd55895811b47,B-private-mirror,hard_03,3,hard_09,5,0.3623767304224382,0.024016970512086844,True,43,8,False,2000,399,1957,True,4,4,0.11613883999999075,False,,hard_09,0.830342748155558,3,25724.630168984797,0.9279685874979723,1.1141038720542582
application_primary,APP-PRIMARY,246,1000246,2000246,36d201bf6a31f2ee460def09401e3e388e1b802b79e2919ddb3cd55895811b47,B-private-mirror,hard_09,9,hard_01,3,0.3902743342825088,0.003769424292554613,True,43,8,False,2000,399,1957,True,4,4,0.1098625519999814,False,,hard_03,0.749927709605429,3,23754.41466874658,0.9123122675776006,1.082400000325525
application_primary,APP-PRIMARY,247,1000247,2000247,36d201bf6a31f2ee460def09401e3e388e1b802b79e2919ddb3cd55895811b47,B-private-mirror,hard_09,9,hard_01,5,0.32348683957916763,0.16039949211273447,True,53,10,False,2000,399,1947,True,4,4,0.111001181000006,False,,hard_03,0.7395454926325958,3,24423.230381158017,0.8615696226159777,1.1131363152696045
application_primary,APP-PRIMARY,248,1000248,2000248,36d201bf6a31f2ee460def09401e3e388e1b802b79e2919ddb3cd55895811b47,B-private-mirror,hard_09,9,hard_13,5,0.29534609817352975,0.2546539018264703,True,48,9,False,2000,399,1952,True,4,4,0.11223189500000785,False,,hard_03,0.7463088887161803,3,22930.035570138476,0.9072385689388663,1.1443662995105508
application_primary,APP-PRIMARY,249,1000249,2000249,36d201bf6a31f2ee460def09401e3e388e1b802b79e2919ddb3cd55895811b47,B-private-mirror,hard_09,9,hard_01,5,0.3019392794127002,0.16649683815865118,True,48,9,False,2000,399,1952,True,4,4,0.11091786699998352,False,,hard_03,0.7291909548319465,3,25056.784781507136,0.8551785119973311,1.0883699769602173
application_primary,APP-PRIMARY,250,1000250,2000250,36d201bf6a31f2ee460def09401e3e388e1b802b79e2919ddb3cd55895811b47,B-private-mirror,hard_09,9,hard_01,4,0.42672595884230763,0.049962593372817166,True,53,10,False,2000,399,1947,True,4,4,0.10972917400002302,False,,hard_03,0.7550847491839444,3,23928.389551272845,0.9157243350082271,1.0873205518661393
application_primary,APP-PRIMARY,251,1000251,2000251,36d201bf6a31f2ee460def09401e3e388e1b802b79e2919ddb3cd55895811b47,B-private-mirror,hard_09,9,hard_01,5,0.3304878678711962,0.1318426283336272,True,78,15,False,2000,399,1922,True,4,4,0.11057235499998797,False,,hard_03,0.7196686955377808,3,25145.516606334546,0.8830741488394466,1.140586788770541
application_primary,APP-PRIMARY,252,1000252,2000252,36d201bf6a31f2ee460def09401e3e388e1b802b79e2919ddb3cd55895811b47,B-private-mirror,hard_01,1,hard_09,4,0.418770130352828,0.031229869647172004,True,148,29,False,2000,399,1852,True,4,4,0.11077572599998575,False,,hard_05,0.41656711883988795,3,13846.748259840417,8.311102198789294,75.22888980871409
application_primary,APP-PRIMARY,253,1000253,2000253,36d201bf6a31f2ee460def09401e3e388e1b802b79e2919ddb3cd55895811b47,B-private-mirror,hard_09,9,hard_01,5,0.3802417246236432,0.15716439714635438,True,58,11,False,2000,399,1942,True,4,4,0.11004874799999698,False,,hard_03,0.7211267523220817,3,25011.61443625232,0.8899897571020119,1.0616253573876642
application_primary,APP-PRIMARY,254,1000254,2000254,36d201bf6a31f2ee460def09401e3e388e1b802b79e2919ddb3cd55895811b47,B-private-mirror,hard_09,9,hard_01,4,0.3899326187730877,0.062454495350660166,True,43,8,False,2000,399,1957,True,4,4,0.11405333799999084,False,,hard_03,0.7222484575420831,3,25054.47338561861,0.8760449369931903,1.0658603405124774
application_primary,APP-PRIMARY,255,1000255,2000255,36d201bf6a31f2ee460def09401e3e388e1b802b79e2919ddb3cd55895811b47,B-private-mirror,hard_01,1,hard_09,5,0.37955635543593963,0.07044364456406038,True,168,33,False,2000,399,1832,True,4,4,0.10759421800000268,False,,hard_09,0.3540501354274155,3,13171.510700040555,2.6493866948527214,14.748200096492958
application_primary,APP-PRIMARY,256,1000256,2000256,36d201bf6a31f2ee460def09401e3e388e1b802b79e2919ddb3cd55895811b47,B-private-mirror,hard_09,9,hard_01,6,0.22442145120399648,0.18850005328674801,True,53,10,False,2000,399,1947,True,4,4,0.11116735699999936,False,,hard_03,0.7352111920937802,3,23336.989149153043,0.8800992093341038,1.0821567772546483
application_primary,APP-PRIMARY,257,1000257,2000257,36d201bf6a31f2ee460def09401e3e388e1b802b79e2919ddb3cd55895811b47,B-private-mirror,hard_09,9,hard_01,5,0.4391969634711393,0.07633495898675619,True,58,11,False,2000,399,1942,True,4,4,0.11165672299998164,False,,hard_03,0.7661854193077234,3,22726.569392096833,0.9185694234865417,1.0879840540151888
application_primary,APP-PRIMARY,258,1000258,2000258,36d201bf6a31f2ee460def09401e3e388e1b802b79e2919ddb3cd55895811b47,B-private-mirror,hard_09,9,hard_01,5,0.3566364771355903,0.05953831708242574,True,63,12,False,2000,399,1937,True,4,4,0.10954223699999943,False,,hard_03,0.7444915026821833,3,24592.40409689822,0.8749236251883883,1.1055296626020437
application_primary,APP-PRIMARY,259,1000259,2000259,36d201bf6a31f2ee460def09401e3e388e1b802b79e2919ddb3cd55895811b47,B-private-mirror,hard_09,9,hard_01,3,0.283043295694012,0.08155350280020252,True,53,10,False,2000,399,1947,True,4,4,0.11068669399998043,False,,hard_03,0.7385695216735216,3,25448.6282769614,0.8941312337874094,1.148121044679411
application_primary,APP-PRIMARY,260,1000260,2000260,36d201bf6a31f2ee460def09401e3e388e1b802b79e2919ddb3cd55895811b47,B-private-mirror,hard_09,9,hard_13,5,0.35954808586663645,0.18723517119263222,True,48,9,False,2000,399,1952,True,4,4,0.11208556899998712,False,,hard_03,0.7184641561461397,3,24565.21730248789,0.8296157169235414,1.0720636237746264
application_primary,APP-PRIMARY,261,1000261,2000261,36d201bf6a31f2ee460def09401e3e388e1b802b79e2919ddb3cd55895811b47,B-private-mirror,hard_09,9,hard_01,4,0.30410373219463915,0.12587029587207488,True,68,13,False,2000,399,1932,True,4,4,0.10954549200002361,False,,hard_03,0.7313816091164305,3,23885.18307064386,0.8637305500429071,1.1075450377132865
application_primary,APP-PRIMARY,262,1000262,2000262,36d201bf6a31f2ee460def09401e3e388e1b802b79e2919ddb3cd55895811b47,B-private-mirror,hard_09,9,hard_13,6,0.3025679689311343,0.17552777173419792,True,43,8,False,2000,399,1957,True,4,4,0.11491541600000232,False,,hard_03,0.7361274948200226,3,24043.549947751748,0.9213019550288146,1.0971237920456856
application_primary,APP-PRIMARY,263,1000263,2000263,36d201bf6a31f2ee460def09401e3e388e1b802b79e2919ddb3cd55895811b47,B-private-mirror,hard_09,9,hard_01,5,0.3757944938822871,0.12432175240485138,True,68,13,False,2000,399,1932,True,4,4,0.11060831800000415,False,,hard_03,0.7165844233839238,3,24484.065304260028,0.9363587946298295,1.0530583068727326
application_primary,APP-PRIMARY,264,1000264,2000264,36d201bf6a31f2ee460def09401e3e388e1b802b79e2919ddb3cd55895811b47,B-private-mirror,hard_09,9,hard_13,6,0.3836267171667553,0.16637328283324476,True,73,14,False,2000,399,1927,True,4,4,0.11216734100000281,False,,hard_03,0.7589856707027038,3,21541.570183865573,0.8792448882338217,1.1026066065129358
application_primary,APP-PRIMARY,265,1000265,2000265,36d201bf6a31f2ee460def09401e3e388e1b802b79e2919ddb3cd55895811b47,B-private-mirror,hard_01,1,hard_09,4,0.42729987863401847,0.0014171296438062475,True,238,47,False,2000,399,1762,True,4,4,0.1073568449999982,False,,hard_05,0.3679823261045863,3,11858.809659706722,8.949698845518624,86.9473003354809
application_primary,APP-PRIMARY,266,1000266,2000266,36d201bf6a31f2ee460def09401e3e388e1b802b79e2919ddb3cd55895811b47,B-private-mirror,hard_01,1,hard_09,3,0.3224126843240816,0.0031510317863763793,True,113,22,False,2000,399,1887,True,4,4,0.10747582199999783,False,,hard_05,0.3935949690439829,3,12582.322424225966,8.448268796494428,77.96573819269182
application_primary,APP-PRIMARY,267,1000267,2000267,36d201bf6a31f2ee460def09401e3e388e1b802b79e2919ddb3cd55895811b47,B-private-mirror,hard_09,9,hard_01,4,0.23198980276020414,0.25009342060996,True,58,11,False,2000,399,1942,True,4,4,0.11008768600001417,False,,hard_03,0.7750107400268097,3,22074.288910149127,0.9222237451404739,1.0791829583444552
application_primary,APP-PRIMARY,268,1000268,2000268,36d201bf6a31f2ee460def09401e3e388e1b802b79e2919ddb3cd55895811b47,B-private-mirror,hard_09,9,hard_01,6,0.31877613978516994,0.10464868263653826,True,43,8,False,2000,399,1957,True,4,4,0.11425101000000382,False,,hard_03,0.7472641335236587,3,24605.490005283526,0.8613788579156522,1.1973150520326121
application_primary,APP-PRIMARY,269,1000269,2000269,36d201bf6a31f2ee460def09401e3e388e1b802b79e2919ddb3cd55895811b47,B-private-mirror,hard_09,9,hard_13,7,0.4151232672824216,0.13487673271757844,True,48,9,False,2000,399,1952,True,4,4,0.10978728099999557,False,,hard_03,0.7279190087858329,3,22451.932194496192,0.8610212571456471,1.0502003126724209
application_primary,APP-PRIMARY,270,1000270,2000270,36d201bf6a31f2ee460def09401e3e388e1b802b79e2919ddb3cd55895811b47,B-private-mirror,hard_09,9,hard_01,4,0.35280208352712056,0.12961274064056788,True,53,10,False,2000,399,1947,True,4,4,0.1106051030000117,False,,hard_03,0.7400831444512236,3,23800.64518532212,0.892833059815987,1.1378418005489854
application_primary,APP-PRIMARY,271,1000271,2000271,36d201bf6a31f2ee460def09401e3e388e1b802b79e2919ddb3cd55895811b47,B-private-mirror,hard_09,9,hard_01,5,0.37915603607715154,0.023983150034609657,True,83,16,False,2000,399,1917,True,4,4,0.11142062299998656,False,,hard_03,0.7339568092411621,3,21587.185128962927,0.8707876262591957,1.1031868752205143
application_primary,APP-PRIMARY,272,1000272,2000272,36d201bf6a31f2ee460def09401e3e388e1b802b79e2919ddb3cd55895811b47,B-private-mirror,hard_09,9,hard_13,5,0.36621988828649654,0.1837801117135035,True,48,9,False,2000,399,1952,True,4,4,0.11120195800000943,False,,hard_03,0.724087595009183,3,25530.474749676934,0.8959354935065406,1.1008518451503784
application_primary,APP-PRIMARY,273,1000273,2000273,36d201bf6a31f2ee460def09401e3e388e1b802b79e2919ddb3cd55895811b47,B-private-mirror,hard_09,9,hard_01,5,0.31349016337070995,0.12825902549416185,True,48,9,False,2000,399,1952,True,4,4,0.11063838300000839,False,,hard_03,0.7152632425166962,3,23494.378309037827,0.9327938837973233,1.0956904280915174
application_primary,APP-PRIMARY,274,1000274,2000274,36d201bf6a31f2ee460def09401e3e388e1b802b79e2919ddb3cd55895811b47,B-private-mirror,hard_09,9,hard_01,3,0.3223661686134096,0.11240216040909984,True,38,7,False,2000,399,1962,True,4,4,0.10942116799998303,False,,hard_03,0.7289814136106769,3,23194.06962326672,0.860545685534953,1.1119487026593664
application_primary,APP-PRIMARY,275,1000275,2000275,36d201bf6a31f2ee460def09401e3e388e1b802b79e2919ddb3cd55895811b47,B-private-mirror,hard_09,9,hard_01,5,0.395071165358617,0.03915518537340107,True,58,11,False,2000,399,1942,True,4,4,0.11418715599998563,False,,hard_03,0.7114898841775247,3,26785.19532909817,0.8537319102593117,1.1066353258476753
application_primary,APP-PRIMARY,276,1000276,2000276,36d201bf6a31f2ee460def09401e3e388e1b802b79e2919ddb3cd55895811b47,B-private-mirror,hard_09,9,hard_13,5,0.30804373164023613,0.17130598608661307,True,48,9,False,2000,399,1952,True,4,4,0.11418368099998588,False,,hard_03,0.7403878101258571,3,22695.162575031405,0.8581518672623519,1.0497054016985123
application_primary,APP-PRIMARY,277,1000277,2000277,36d201bf6a31f2ee460def09401e3e388e1b802b79e2919ddb3cd55895811b47,B-private-mirror,hard_01,1,hard_02,5,0.3329572462554779,0.05025810231845956,True,143,28,False,2000,399,1857,True,4,4,0.11057353600000397,False,,hard_05,0.3997667326619315,3,22693.652484500948,8.728303600329596,90.416680220551
application_primary,APP-PRIMARY,278,1000278,2000278,36d201bf6a31f2ee460def09401e3e388e1b802b79e2919ddb3cd55895811b47,B-private-mirror,hard_09,9,hard_01,5,0.3292647232856372,0.1115705532800047,True,63,12,False,2000,399,1937,True,4,4,0.11027360199997815,False,,hard_03,0.7102190080590051,3,23853.692110395987,0.9190622348443014,1.081074948240092
application_primary,APP-PRIMARY,279,1000279,2000279,36d201bf6a31f2ee460def09401e3e388e1b802b79e2919ddb3cd55895811b47,B-private-mirror,hard_09,9,hard_13,5,0.30165648820320096,0.19446997446744912,True,53,10,False,2000,399,1947,True,4,4,0.10989184499999283,False,,hard_03,0.7110479227474069,3,23736.16718005625,0.873586189229932,1.0675681157458732
application_primary,APP-PRIMARY,280,1000280,2000280,36d201bf6a31f2ee460def09401e3e388e1b802b79e2919ddb3cd55895811b47,B-private-mirror,hard_09,9,hard_01,6,0.293763988579451,0.18139811731730382,True,48,9,False,2000,399,1952,True,4,4,0.11319648700001039,False,,hard_03,0.7402713376064856,3,24109.046471011025,0.9331775378349914,1.1076635266661576
application_primary,APP-PRIMARY,281,1000281,2000281,36d201bf6a31f2ee460def09401e3e388e1b802b79e2919ddb3cd55895811b47,B-private-mirror,hard_09,9,hard_01,5,0.36191636838221714,0.12537342567725795,True,33,6,False,2000,399,1967,True,4,4,0.10896621299997378,False,,hard_03,0.7276578062982393,3,26212.46936453339,0.9055569587709745,1.1178722750606405
application_primary,APP-PRIMARY,282,1000282,2000282,36d201bf6a31f2ee460def09401e3e388e1b802b79e2919ddb3cd55895811b47,B-private-mirror,hard_09,9,hard_01,2,0.3134853580076185,0.03204084399339163,True,53,10,False,2000,399,1947,True,4,4,0.10968141300000411,False,,hard_03,0.7218757208104263,3,23065.38809853328,0.8584199216674268,1.0778939053504761
application_primary,APP-PRIMARY,283,1000283,2000283,36d201bf6a31f2ee460def09401e3e388e1b802b79e2919ddb3cd55895811b47,B-private-mirror,hard_09,9,hard_13,6,0.3684454304422521,0.16310569091451754,True,63,12,False,2000,399,1937,True,4,4,0.11146053199999528,False,,hard_03,0.7228813543880235,3,23875.306578166343,0.9009544815238842,1.0842357262916762
application_primary,APP-PRIMARY,284,1000284,2000284,36d201bf6a31f2ee460def09401e3e388e1b802b79e2919ddb3cd55895811b47,B-private-mirror,hard_09,9,hard_01,6,0.2629871802579508,0.15426067908219854,True,68,13,False,2000,399,1932,True,4,4,0.11259889100000464,False,,hard_03,0.7459958845010838,3,24705.4901139918,0.8770424007440311,1.1150724052247298
application_primary,APP-PRIMARY,285,1000285,2000285,36d201bf6a31f2ee460def09401e3e388e1b802b79e2919ddb3cd55895811b47,B-private-mirror,hard_09,9,hard_01,4,0.2830732610146736,0.132394539789158,True,53,10,False,2000,399,1947,True,4,4,0.1102410329999941,False,,hard_03,0.719866875122788,3,24158.574176576753,0.8426234823827076,1.0575072675869295
application_primary,APP-PRIMARY,286,1000286,2000286,36d201bf6a31f2ee460def09401e3e388e1b802b79e2919ddb3cd55895811b47,B-private-mirror,hard_09,9,candidate_anchor_00,7,0.2962891483387311,0.16288734440339758,True,63,12,False,2000,399,1937,True,4,4,0.11063999500001387,False,,hard_03,0.7612714493537772,3,23793.43851640756,0.9241446660681792,1.1141310550575516
application_primary,APP-PRIMARY,287,1000287,2000287,36d201bf6a31f2ee460def09401e3e388e1b802b79e2919ddb3cd55895811b47,B-private-mirror,hard_09,9,hard_13,6,0.360555368965172,0.16736321441318008,True,43,8,False,2000,399,1957,True,4,4,0.111624594999995,False,,hard_03,0.7306603523208279,3,22857.328009574303,0.8613075690475638,1.164348431255715
application_primary,APP-PRIMARY,288,1000288,2000288,36d201bf6a31f2ee460def09401e3e388e1b802b79e2919ddb3cd55895811b47,B-private-mirror,hard_01,1,hard_09,7,0.4173449269549255,0.032655073045074534,True,143,28,False,2000,399,1857,True,4,4,0.10637567099999501,False,,hard_05,0.40474044551150107,3,17052.853376792315,8.550949515851878,82.63073278101486
application_primary,APP-PRIMARY,289,1000289,2000289,36d201bf6a31f2ee460def09401e3e388e1b802b79e2919ddb3cd55895811b47,B-private-mirror,hard_09,9,hard_01,5,0.31096223050449434,0.1608216427341443,True,53,10,False,2000,399,1947,True,4,4,0.1239569660000086,False,,hard_03,0.7347771936994942,3,24505.12711653072,0.8399518118354563,1.0898916276762627
application_primary,APP-PRIMARY,290,1000290,2000290,36d201bf6a31f2ee460def09401e3e388e1b802b79e2919ddb3cd55895811b47,B-private-mirror,hard_09,9,hard_13,5,0.2685658348289539,0.20005104943177354,True,53,10,False,2000,399,1947,True,4,4,0.1085358240000005,False,,hard_03,0.7305650758806873,3,23850.060932378507,0.8666743961522673,1.0712158147325397
application_primary,APP-PRIMARY,291,1000291,2000291,36d201bf6a31f2ee460def09401e3e388e1b802b79e2919ddb3cd55895811b47,B-private-mirror,hard_09,9,hard_13,6,0.3609881158414246,0.10341814863692383,True,73,14,False,2000,399,1927,True,4,4,0.10972419699999136,False,,hard_03,0.7215359156007711,3,25011.170991483792,0.9068500260687595,1.1280746514092412
application_primary,APP-PRIMARY,292,1000292,2000292,36d201bf6a31f2ee460def09401e3e388e1b802b79e2919ddb3cd55895811b47,B-private-mirror,hard_09,9,hard_01,4,0.3788393407041986,0.07549145943179669,True,73,14,False,2000,399,1927,True,4,4,0.10955734999998867,False,,hard_03,0.7089819130085698,3,26703.614571194823,0.885810709253613,1.0931125920920364
application_primary,APP-PRIMARY,293,1000293,2000293,36d201bf6a31f2ee460def09401e3e388e1b802b79e2919ddb3cd55895811b47,B-private-mirror,hard_09,9,hard_01,7,0.37369188821397686,0.1611701158478433,True,48,9,False,2000,399,1952,True,4,4,0.11055321599999957,False,,hard_03,0.7529244061715364,3,21284.642217200046,0.9109801965827978,1.0785525451321347
application_primary,APP-PRIMARY,294,1000294,2000294,36d201bf6a31f2ee460def09401e3e388e1b802b79e2919ddb3cd55895811b47,B-private-mirror,hard_09,9,hard_01,3,0.3230473716765941,0.07215445118817015,True,53,10,False,2000,399,1947,True,4,4,0.11259639600001492,False,,hard_03,0.7576724391973051,3,23428.905451583487,0.8947220710863883,1.1359901737455087
application_primary,APP-PRIMARY,295,1000295,2000295,36d201bf6a31f2ee460def09401e3e388e1b802b79e2919ddb3cd55895811b47,B-private-mirror,hard_09,9,hard_13,3,0.3044137289897192,0.19454285994885456,True,68,13,False,2000,399,1932,True,4,4,0.10992620700000089,False,,hard_03,0.7627151701017477,3,20305.326126597905,0.8667689007864934,1.0515337625258847
application_primary,APP-PRIMARY,296,1000296,2000296,36d201bf6a31f2ee460def09401e3e388e1b802b79e2919ddb3cd55895811b47,B-private-mirror,hard_09,9,hard_01,5,0.24118489012486,0.1826615035428008,True,48,9,False,2000,399,1952,True,4,4,0.11018036299998357,False,,hard_03,0.7665316788607086,3,20913.590458027884,0.8945212427326381,1.0654067776958356
application_primary,APP-PRIMARY,297,1000297,2000297,36d201bf6a31f2ee460def09401e3e388e1b802b79e2919ddb3cd55895811b47,B-private-mirror,hard_09,9,hard_01,6,0.45,0.04486823351188651,True,48,9,False,2000,399,1952,True,4,4,0.11202486900000963,False,,hard_03,0.7408284061807602,3,23663.958317918277,0.8953148212050432,1.071501939585193
application_primary,APP-PRIMARY,298,1000298,2000298,36d201bf6a31f2ee460def09401e3e388e1b802b79e2919ddb3cd55895811b47,B-private-mirror,hard_09,9,hard_01,6,0.3268511030408672,0.12485431421666926,True,53,10,False,2000,399,1947,True,4,4,0.11207481299999245,False,,hard_03,0.7470084617794295,3,24811.711189176407,0.8742458256141057,1.1240462181429425
application_primary,APP-PRIMARY,299,1000299,2000299,36d201bf6a31f2ee460def09401e3e388e1b802b79e2919ddb3cd55895811b47,B-private-mirror,hard_09,9,hard_01,5,0.3123226601261197,0.07127048353857035,True,48,9,False,2000,399,1952,True,4,4,0.11023671700002069,False,,hard_03,0.765430381744446,3,21322.377326160527,0.8924870544579431,1.0585979706972988
application_primary,APP-PRIMARY,300,1000300,2000300,36d201bf6a31f2ee460def09401e3e388e1b802b79e2919ddb3cd55895811b47,B-private-mirror,hard_09,9,hard_01,6,0.35790634460676796,0.04098257723853915,True,53,10,False,2000,399,1947,True,4,4,0.11126386099999763,False,,hard_03,0.7514977352740186,3,20950.30821711062,0.9528540546496038,1.0237785598413258
application_primary,APP-PRIMARY,301,1000301,2000301,36d201bf6a31f2ee460def09401e3e388e1b802b79e2919ddb3cd55895811b47,B-private-mirror,hard_09,9,hard_01,4,0.32236369013647076,0.207753998591311,True,58,11,False,2000,399,1942,True,4,4,0.11043020400001069,False,,hard_03,0.7285919803417612,3,23671.7620299886,0.8825727390957463,1.1239169678639807
application_primary,APP-PRIMARY,302,1000302,2000302,36d201bf6a31f2ee460def09401e3e388e1b802b79e2919ddb3cd55895811b47,B-private-mirror,hard_09,9,hard_13,4,0.32556680159558515,0.1703846039019199,True,53,10,False,2000,399,1947,True,4,4,0.11175429799999392,False,,hard_03,0.7279109421708496,3,24534.4129802837,0.8968585346739568,1.0939805253614383
application_primary,APP-PRIMARY,303,1000303,2000303,36d201bf6a31f2ee460def09401e3e388e1b802b79e2919ddb3cd55895811b47,B-private-mirror,hard_09,9,hard_13,5,0.42398376996623144,0.07617254956955188,True,53,10,False,2000,399,1947,True,4,4,0.10967766799998913,False,,hard_03,0.7215883827801823,3,26614.24225208001,0.8923611917177451,1.0681239734962271
application_primary,APP-PRIMARY,304,1000304,2000304,36d201bf6a31f2ee460def09401e3e388e1b802b79e2919ddb3cd55895811b47,B-private-mirror,hard_09,9,hard_01,5,0.32243542227432115,0.17568838590289731,True,58,11,False,2000,399,1942,True,4,4,0.11869793700000741,False,,hard_03,0.7512509514641944,3,23484.749315364836,0.836733339751302,1.0571803255282832
application_primary,APP-PRIMARY,305,1000305,2000305,36d201bf6a31f2ee460def09401e3e388e1b802b79e2919ddb3cd55895811b47,B-private-mirror,hard_09,9,hard_13,6,0.4376318827357467,0.10538707687529714,True,68,13,False,2000,399,1932,True,4,4,0.11143252099998335,False,,hard_03,0.6989399430875346,3,25078.751920360348,0.9097318797659195,1.0707583108934124
application_primary,APP-PRIMARY,306,1000306,2000306,36d201bf6a31f2ee460def09401e3e388e1b802b79e2919ddb3cd55895811b47,B-private-mirror,hard_09,9,hard_01,6,0.3802341327115979,0.10942276209117918,True,58,11,False,2000,399,1942,True,4,4,0.11622864399998889,False,,hard_03,0.7678174850509125,3,22118.972913795395,0.8743668282095738,1.0458934371129358
application_primary,APP-PRIMARY,307,1000307,2000307,36d201bf6a31f2ee460def09401e3e388e1b802b79e2919ddb3cd55895811b47,B-private-mirror,hard_09,9,hard_01,6,0.3860843335545254,0.08577378622982718,True,53,10,False,2000,399,1947,True,4,4,0.11096319399999288,False,,hard_03,0.770744549255945,3,23192.420245439807,0.8766912382171078,1.1389976415225669
application_primary,APP-PRIMARY,308,1000308,2000308,36d201bf6a31f2ee460def09401e3e388e1b802b79e2919ddb3cd55895811b47,B-private-mirror,hard_09,9,hard_13,7,0.3055937681518524,0.17617237447001072,True,73,14,False,2000,399,1927,True,4,4,0.11231161499998166,False,,hard_03,0.727666446984422,3,25660.635640426277,0.8947746610662507,1.139443906044591
application_primary,APP-PRIMARY,309,1000309,2000309,36d201bf6a31f2ee460def09401e3e388e1b802b79e2919ddb3cd55895811b47,B-private-mirror,hard_09,9,hard_01,3,0.3803415096153764,0.022364880099802253,True,28,5,False,2000,399,1972,True,4,4,0.1136932040000147,False,,hard_03,0.7421963924499909,3,23903.814893367187,0.9013658267414281,1.115135824428147
application_primary,APP-PRIMARY,310,1000310,2000310,36d201bf6a31f2ee460def09401e3e388e1b802b79e2919ddb3cd55895811b47,B-private-mirror,hard_01,1,hard_09,3,0.3413946568709682,0.004426631836867256,True,193,38,False,2000,399,1807,True,4,4,0.10985551200002419,False,,hard_05,0.4180545882064415,3,12327.970901469005,7.3291455780550185,60.436191429936905
application_primary,APP-PRIMARY,311,1000311,2000311,36d201bf6a31f2ee460def09401e3e388e1b802b79e2919ddb3cd55895811b47,B-private-mirror,hard_09,9,hard_01,6,0.36378122688060943,0.1652083338570025,True,43,8,False,2000,399,1957,True,4,4,0.11324299599999677,False,,hard_01,0.747762974330783,3,12120.053395864546,2.8499479759222233,17.593387403533804
application_primary,APP-PRIMARY,312,1000312,2000312,36d201bf6a31f2ee460def09401e3e388e1b802b79e2919ddb3cd55895811b47,B-private-mirror,hard_01,1,hard_09,7,0.4129271969301231,0.037072803069876925,True,143,28,False,2000,399,1857,True,4,4,0.10875914600001124,False,,hard_05,0.39561669532836263,3,13735.761093787016,8.875630650795117,86.46467998622445
application_primary,APP-PRIMARY,313,1000313,2000313,36d201bf6a31f2ee460def09401e3e388e1b802b79e2919ddb3cd55895811b47,B-private-mirror,hard_01,1,hard_09,4,0.4244214486175033,0.020646110834519782,True,163,32,False,2000,399,1837,True,4,4,0.10660939799998914,False,,hard_05,0.4176002191968092,3,14085.72231666206,8.403694795618824,79.36114704679609
application_primary,APP-PRIMARY,314,1000314,2000314,36d201bf6a31f2ee460def09401e3e388e1b802b79e2919ddb3cd55895811b47,B-private-mirror,hard_09,9,hard_01,6,0.30760971690759326,0.1718902175397533,True,33,6,False,2000,399,1967,True,4,4,0.11094940300000644,False,,hard_03,0.7806853606751838,3,22301.941916638683,0.9207396731576263,1.1475465832651806
application_primary,APP-PRIMARY,315,1000315,2000315,36d201bf6a31f2ee460def09401e3e388e1b802b79e2919ddb3cd55895811b47,B-private-mirror,hard_09,9,hard_01,5,0.37311088497891537,0.06481649045942822,True,48,9,False,2000,399,1952,True,4,4,0.11049961699998789,False,,hard_03,0.7298914424261457,3,23724.59548916976,0.8831803990700401,1.1085031728923929
application_primary,APP-PRIMARY,316,1000316,2000316,36d201bf6a31f2ee460def09401e3e388e1b802b79e2919ddb3cd55895811b47,B-private-mirror,hard_09,9,hard_01,6,0.30890150688075674,0.05944972227443529,True,38,7,False,2000,399,1962,True,4,4,0.11194481000001133,False,,hard_03,0.7484483074165471,3,24163.625518259934,0.8559245205950939,1.1156576480534255
application_primary,APP-PRIMARY,317,1000317,2000317,36d201bf6a31f2ee460def09401e3e388e1b802b79e2919ddb3cd55895811b47,B-private-mirror,hard_09,9,candidate_anchor_00,7,0.3856269778547016,0.15171956677117987,True,73,14,False,2000,399,1927,True,4,4,0.1133050980000121,False,,hard_03,0.7435590766811381,3,22838.42963179527,0.85078908538128,1.0912448020698295
application_primary,APP-PRIMARY,318,1000318,2000318,36d201bf6a31f2ee460def09401e3e388e1b802b79e2919ddb3cd55895811b47,B-private-mirror,hard_09,9,hard_01,6,0.40690272030543534,0.13904404726688974,True,48,9,False,2000,399,1952,True,4,4,0.1111140980000016,False,,hard_03,0.7650545807231545,3,22168.449047005204,0.8649813735023386,1.1020287051957183
application_primary,APP-PRIMARY,319,1000319,2000319,36d201bf6a31f2ee460def09401e3e388e1b802b79e2919ddb3cd55895811b47,B-private-mirror,hard_09,9,hard_01,5,0.31489615559570605,0.1460514370059392,True,58,11,False,2000,399,1942,True,4,4,0.11028638100000876,False,,hard_03,0.7426807900115385,3,24317.86732115682,0.9158421655902139,1.1110330172114757
application_primary,APP-PRIMARY,320,1000320,2000320,36d201bf6a31f2ee460def09401e3e388e1b802b79e2919ddb3cd55895811b47,B-private-mirror,candidate_anchor_00,0,hard_09,7,0.43312091127961183,0.01687908872038818,False,2000,400,False,2000,399,0,True,4,4,0.11440467899998907,False,,hard_12,0.07432999466079637,3,37960.22103192652,44.72135954999763,1999.9999999999293
application_primary,APP-PRIMARY,321,1000321,2000321,36d201bf6a31f2ee460def09401e3e388e1b802b79e2919ddb3cd55895811b47,B-private-mirror,hard_09,9,hard_01,5,0.40420779035214666,0.08274363247193783,True,43,8,False,2000,399,1957,True,4,4,0.11094513900002312,False,,hard_03,0.7318630258036931,3,23971.05256865667,0.8924424938075343,1.032130626427948
application_primary,APP-PRIMARY,322,1000322,2000322,36d201bf6a31f2ee460def09401e3e388e1b802b79e2919ddb3cd55895811b47,B-private-mirror,hard_01,1,hard_09,5,0.31863538065768343,0.01296566389319953,True,118,23,False,2000,399,1882,True,4,4,0.10867901599999641,False,,hard_09,0.40050692764378326,3,11409.422164431393,2.458861178069722,13.194266619638974
application_primary,APP-PRIMARY,323,1000323,2000323,36d201bf6a31f2ee460def09401e3e388e1b802b79e2919ddb3cd55895811b47,B-private-mirror,hard_09,9,hard_01,3,0.27299207784791085,0.08813374651263406,True,83,16,False,2000,399,1917,True,4,4,0.10947541799998817,False,,hard_03,0.7483774883258179,3,24584.79630419748,0.8478452291702179,1.0719968459224611
application_primary,APP-PRIMARY,324,1000324,2000324,36d201bf6a31f2ee460def09401e3e388e1b802b79e2919ddb3cd55895811b47,B-private-mirror,hard_09,9,hard_01,6,0.30593574481597263,0.12373183939052668,True,68,13,False,2000,399,1932,True,4,4,0.12174871599998482,False,,hard_03,0.7535480170249699,3,24653.750315952148,0.85566086313444,1.165333805941486
application_primary,APP-PRIMARY,325,1000325,2000325,36d201bf6a31f2ee460def09401e3e388e1b802b79e2919ddb3cd55895811b47,B-private-mirror,hard_01,1,hard_09,4,0.34164852234243875,0.10835147765756126,True,163,32,False,2000,399,1837,True,4,4,0.11683734700000059,False,,hard_09,0.3942538725664518,3,11392.051958431817,2.0486654638195207,10.425615817332273
application_primary,APP-PRIMARY,326,1000326,2000326,36d201bf6a31f2ee460def09401e3e388e1b802b79e2919ddb3cd55895811b47,B-private-mirror,hard_09,9,hard_01,2,0.23468507495517613,0.08555964900927013,True,53,10,False,2000,399,1947,True,4,4,0.11191295300000093,False,,hard_03,0.7515550168730329,3,22788.04022040821,0.8942460526412069,1.0707951020996127
application_primary,APP-PRIMARY,327,1000327,2000327,36d201bf6a31f2ee460def09401e3e388e1b802b79e2919ddb3cd55895811b47,B-private-mirror,hard_09,9,hard_01,7,0.32823734733614035,0.1659275516372764,True,43,8,False,2000,399,1957,True,4,4,0.1102906970000106,False,,hard_03,0.7447225698695085,3,24006.49058436548,0.874908296529442,1.0761150166158209
application_primary,APP-PRIMARY,328,1000328,2000328,36d201bf6a31f2ee460def09401e3e388e1b802b79e2919ddb3cd55895811b47,B-private-mirror,hard_09,9,hard_01,5,0.29960714324565757,0.08784338309734996,True,68,13,False,2000,399,1932,True,4,4,0.1292268619999959,False,,hard_03,0.7705768125322625,3,22070.897722950373,0.8772629640149578,1.1099375659941946
application_primary,APP-PRIMARY,329,1000329,2000329,36d201bf6a31f2ee460def09401e3e388e1b802b79e2919ddb3cd55895811b47,B-private-mirror,hard_01,1,hard_09,3,0.3662099738032916,0.02389234745260166,True,168,33,False,2000,399,1832,True,4,4,0.11652924899999562,False,,hard_05,0.41090610201603417,3,23525.305861626723,9.194509794263684,100.39225487604824
application_primary,APP-PRIMARY,330,1000330,2000330,36d201bf6a31f2ee460def09401e3e388e1b802b79e2919ddb3cd55895811b47,B-private-mirror,hard_09,9,candidate_anchor_00,5,0.2942859797606882,0.1928046005899829,True,63,12,False,2000,399,1937,True,4,4,0.12012250899999799,False,,hard_03,0.6910815448705907,3,25958.304099738583,0.9042324414832446,1.1168416318282564
application_primary,APP-PRIMARY,331,1000331,2000331,36d201bf6a31f2ee460def09401e3e388e1b802b79e2919ddb3cd55895811b47,B-private-mirror,hard_09,9,hard_01,3,0.3435831463656437,0.009500066761288284,True,48,9,False,2000,399,1952,True,4,4,0.12241230000000769,False,,hard_03,0.7494650778604441,3,23015.601369226242,0.9420673686527223,1.1077727274354279
application_primary,APP-PRIMARY,332,1000332,2000332,36d201bf6a31f2ee460def09401e3e388e1b802b79e2919ddb3cd55895811b47,B-private-mirror,hard_09,9,hard_13,8,0.42468034292769213,0.1253196570723079,True,63,12,False,2000,399,1937,True,4,4,0.11491578700000105,False,,hard_03,0.764420909270189,3,24637.69413303401,0.868966492766262,1.070429843211432
application_primary,APP-PRIMARY,333,1000333,2000333,36d201bf6a31f2ee460def09401e3e388e1b802b79e2919ddb3cd55895811b47,B-private-mirror,hard_09,9,hard_01,4,0.2757516702058624,0.1303507765556059,True,58,11,False,2000,399,1942,True,4,4,0.1169857659999991,False,,hard_03,0.7179097862127353,3,25561.744729886505,0.9249004597001614,1.120790885997768
application_primary,APP-PRIMARY,334,1000334,2000334,36d201bf6a31f2ee460def09401e3e388e1b802b79e2919ddb3cd55895811b47,B-private-mirror,hard_09,9,hard_13,6,0.30506908588611875,0.1923829709544957,True,48,9,False,2000,399,1952,True,4,4,0.12318582300000003,False,,hard_03,0.7630111339468518,3,24575.90522491441,0.8976356533984872,1.1080873647141625
application_primary,APP-PRIMARY,335,1000335,2000335,36d201bf6a31f2ee460def09401e3e388e1b802b79e2919ddb3cd55895811b47,B-private-mirror,hard_09,9,hard_01,6,0.36348818943103917,0.17274241753230662,True,58,11,False,2000,399,1942,True,4,4,0.11103075399998374,False,,hard_03,0.7338380669477383,3,25838.90071796762,0.9274268332212723,1.2697297214017755
application_primary,APP-PRIMARY,336,1000336,2000336,36d201bf6a31f2ee460def09401e3e388e1b802b79e2919ddb3cd55895811b47,B-private-mirror,hard_09,9,hard_01,4,0.2957667851536625,0.19157803246879324,True,68,13,False,2000,399,1932,True,4,4,0.1326336749999939,False,,hard_03,0.7520129830426228,3,23754.44991431429,0.9064599294488509,1.0760150228141363
application_primary,APP-PRIMARY,337,1000337,2000337,36d201bf6a31f2ee460def09401e3e388e1b802b79e2919ddb3cd55895811b47,B-private-mirror,hard_09,9,hard_01,5,0.4345001186897666,0.03845492353875213,True,53,10,False,2000,399,1947,True,4,4,0.11732571100000655,False,,hard_03,0.7549804015037325,3,24837.151605206942,0.8580232020978865,1.1455932479222892
application_primary,APP-PRIMARY,338,1000338,2000338,36d201bf6a31f2ee460def09401e3e388e1b802b79e2919ddb3cd55895811b47,B-private-mirror,hard_09,9,hard_01,5,0.3670927484809779,0.02730590131757249,True,48,9,False,2000,399,1952,True,4,4,0.1270835429999977,False,,hard_03,0.7642381733213763,3,22120.796794215203,0.8480382067729637,1.1050013639525555
application_primary,APP-PRIMARY,339,1000339,2000339,36d201bf6a31f2ee460def09401e3e388e1b802b79e2919ddb3cd55895811b47,B-private-mirror,hard_09,9,hard_01,5,0.3560618190274326,0.10728015387604084,True,48,9,False,2000,399,1952,True,4,4,0.13415841700000897,False,,hard_03,0.7586289352023262,3,22864.608086521966,0.8900443005902654,1.073738137112611
application_primary,APP-PRIMARY,340,1000340,2000340,36d201bf6a31f2ee460def09401e3e388e1b802b79e2919ddb3cd55895811b47,B-private-mirror,hard_09,9,hard_01,5,0.3395819010092383,0.09378342349552149,True,53,10,False,2000,399,1947,True,4,4,0.11518696900000691,False,,hard_03,0.7334438584333586,3,24542.947513898922,0.8913950289422021,1.0999588031848369
application_primary,APP-PRIMARY,341,1000341,2000341,36d201bf6a31f2ee460def09401e3e388e1b802b79e2919ddb3cd55895811b47,B-private-mirror,hard_09,9,hard_01,6,0.3235925008887056,0.1159349416339237,True,63,12,False,2000,399,1937,True,4,4,0.1233030969999902,False,,hard_03,0.7542966442361057,3,24465.372844656024,0.8662163972531723,1.0687984854031942
application_primary,APP-PRIMARY,342,1000342,2000342,36d201bf6a31f2ee460def09401e3e388e1b802b79e2919ddb3cd55895811b47,B-private-mirror,hard_01,1,hard_09,3,0.37726253210518773,0.008161128357710934,True,293,58,False,2000,399,1707,True,4,4,0.12015188200001603,False,,hard_09,0.369885355188641,3,12513.071578325462,2.385862942585882,11.501106942596996
application_primary,APP-PRIMARY,343,1000343,2000343,36d201bf6a31f2ee460def09401e3e388e1b802b79e2919ddb3cd55895811b47,B-private-mirror,hard_09,9,hard_01,4,0.24605978551763485,0.12717503037446742,True,58,11,False,2000,399,1942,True,4,4,0.11069972399999983,False,,hard_03,0.7369214241241145,3,25248.623271165303,0.9014393654517517,1.0759358608660952
application_primary,APP-PRIMARY,344,1000344,2000344,36d201bf6a31f2ee460def09401e3e388e1b802b79e2919ddb3cd55895811b47,B-private-mirror,hard_09,9,hard_01,4,0.41775606770310425,0.01485840131813565,True,63,12,False,2000,399,1937,True,4,4,0.1110776440000052,False,,hard_03,0.6982270878379151,3,26013.61765747122,0.871184183809146,1.0963992135663292
application_primary,APP-PRIMARY,345,1000345,2000345,36d201bf6a31f2ee460def09401e3e388e1b802b79e2919ddb3cd55895811b47,B-private-mirror,hard_09,9,hard_01,6,0.3762160274393026,0.1465101886447694,True,53,10,False,2000,399,1947,True,4,4,0.1196383209999965,False,,hard_03,0.7265400611876395,3,24216.615412380343,0.872688065179318,1.0633489091738444
application_primary,APP-PRIMARY,346,1000346,2000346,36d201bf6a31f2ee460def09401e3e388e1b802b79e2919ddb3cd55895811b47,B-private-mirror,hard_09,9,hard_01,3,0.21675900554767324,0.14843861330492591,True,53,10,False,2000,399,1947,True,4,4,0.11204670199998645,False,,hard_03,0.7408253290896311,3,24438.858644094795,0.8926078894040747,1.0973210825662172
application_primary,APP-PRIMARY,347,1000347,2000347,36d201bf6a31f2ee460def09401e3e388e1b802b79e2919ddb3cd55895811b47,B-private-mirror,hard_09,9,hard_01,4,0.34707410727289045,0.07627776536153125,True,43,8,False,2000,399,1957,True,4,4,0.11261813900000561,False,,hard_03,0.7632883666470042,3,23750.858705877297,0.9429416824486918,1.0745777551860496
application_primary,APP-PRIMARY,348,1000348,2000348,36d201bf6a31f2ee460def09401e3e388e1b802b79e2919ddb3cd55895811b47,B-private-mirror,hard_09,9,hard_01,5,0.44810145323501266,0.06954874623064938,True,68,13,False,2000,399,1932,True,4,4,0.1174313679999841,False,,hard_03,0.7414669250919931,3,25253.661186634985,0.8836523534404734,1.1077309864026952
application_primary,APP-PRIMARY,349,1000349,2000349,36d201bf6a31f2ee460def09401e3e388e1b802b79e2919ddb3cd55895811b47,B-private-mirror,hard_09,9,hard_01,3,0.3570283241800602,0.009842235391765763,True,73,14,False,2000,399,1927,True,4,4,0.11304397099999619,False,,hard_03,0.7055984860181713,3,25154.52097575487,0.8862138598911837,1.0679420996458133
application_primary,APP-PRIMARY,350,1000350,2000350,36d201bf6a31f2ee460def09401e3e388e1b802b79e2919ddb3cd55895811b47,B-private-mirror,hard_09,9,hard_13,7,0.2939203408122568,0.23916613201589387,True,43,8,False,2000,399,1957,True,4,4,0.11761734300000626,False,,hard_03,0.7231034877821644,3,23955.044199708474,0.9255295120151422,1.0837558966909984
application_primary,APP-PRIMARY,351,1000351,2000351,36d201bf6a31f2ee460def09401e3e388e1b802b79e2919ddb3cd55895811b47,B-private-mirror,hard_09,9,hard_01,5,0.43536880257152266,0.017016835390482488,True,48,9,False,2000,399,1952,True,4,4,0.11021519499999499,False,,hard_03,0.7618827364685702,3,22120.003405099545,0.8662113117488324,1.088948363899
application_primary,APP-PRIMARY,352,1000352,2000352,36d201bf6a31f2ee460def09401e3e388e1b802b79e2919ddb3cd55895811b47,B-private-mirror,hard_09,9,hard_01,3,0.28709856716214993,0.12836315371364537,True,58,11,False,2000,399,1942,True,4,4,0.1258419820000256,False,,hard_03,0.7551809439804626,3,22328.36961336049,0.9258340878559035,1.0859191300456092
application_primary,APP-PRIMARY,353,1000353,2000353,36d201bf6a31f2ee460def09401e3e388e1b802b79e2919ddb3cd55895811b47,B-private-mirror,hard_09,9,hard_01,4,0.35692395826441486,0.021975655703776742,True,58,11,False,2000,399,1942,True,4,4,0.11916126300002361,False,,hard_03,0.7366235813149277,3,25304.464888474522,0.876156134148963,1.0879302727807592
application_primary,APP-PRIMARY,354,1000354,2000354,36d201bf6a31f2ee460def09401e3e388e1b802b79e2919ddb3cd55895811b47,B-private-mirror,hard_09,9,hard_01,4,0.3107919430071034,0.08028055077792345,True,58,11,False,2000,399,1942,True,4,4,0.12506894100002341,False,,hard_03,0.7439802434216302,3,24236.91420317846,0.8990456021011229,1.0783681602975357
application_primary,APP-PRIMARY,355,1000355,2000355,36d201bf6a31f2ee460def09401e3e388e1b802b79e2919ddb3cd55895811b47,B-private-mirror,hard_09,9,hard_13,3,0.4371477791359387,0.1080252603677998,True,48,9,False,2000,399,1952,True,4,4,0.12210478899999089,False,,hard_03,0.7313103382004671,3,23512.715201050207,0.9093412224524858,1.1013829869662408
application_primary,APP-PRIMARY,356,1000356,2000356,36d201bf6a31f2ee460def09401e3e388e1b802b79e2919ddb3cd55895811b47,B-private-mirror,hard_09,9,hard_01,3,0.21498049990588008,0.11881440844557184,True,53,10,False,2000,399,1947,True,4,4,0.12107210299998883,False,,hard_03,0.7262644193201037,3,24119.192739584712,0.8913025738056743,1.0479331662563292
application_primary,APP-PRIMARY,357,1000357,2000357,36d201bf6a31f2ee460def09401e3e388e1b802b79e2919ddb3cd55895811b47,B-private-mirror,hard_09,9,hard_13,6,0.3528501000624064,0.17919124223555455,True,48,9,False,2000,399,1952,True,4,4,0.11178124699998193,False,,hard_03,0.7336770838783561,3,23108.34632534461,0.8674815469506464,1.0836137609098717
application_primary,APP-PRIMARY,358,1000358,2000358,36d201bf6a31f2ee460def09401e3e388e1b802b79e2919ddb3cd55895811b47,B-private-mirror,hard_09,9,hard_01,7,0.321084338297436,0.14954028608026787,True,43,8,False,2000,399,1957,True,4,4,0.1415864079999949,False,,hard_03,0.7729298323163254,3,21366.235403790954,0.9035697733235791,1.056063018800532
application_primary,APP-PRIMARY,359,1000359,2000359,36d201bf6a31f2ee460def09401e3e388e1b802b79e2919ddb3cd55895811b47,B-private-mirror,hard_01,1,hard_09,3,0.3542890139659923,0.025129068608624794,True,158,31,False,2000,399,1842,True,4,4,0.12034781299999509,False,,hard_05,0.4224807047631385,3,16013.123440910527,8.385070041447756,77.60682239989858
application_primary,APP-PRIMARY,360,1000360,2000360,36d201bf6a31f2ee460def09401e3e388e1b802b79e2919ddb3cd55895811b47,B-private-mirror,hard_09,9,hard_13,6,0.40592235085678696,0.05407528098142733,True,48,9,False,2000,399,1952,True,4,4,0.11502561000000355,False,,hard_03,0.728750832201307,3,23773.604420616703,0.915616658890946,1.0587207139527137
application_primary,APP-PRIMARY,361,1000361,2000361,36d201bf6a31f2ee460def09401e3e388e1b802b79e2919ddb3cd55895811b47,B-private-mirror,hard_09,9,hard_01,4,0.2701252894115211,0.102466047105094,True,68,13,False,2000,399,1932,True,4,4,0.13889552200001276,False,,hard_03,0.7311699554942246,3,24915.39296254668,0.9152738243310515,1.0692135852039655
application_primary,APP-PRIMARY,362,1000362,2000362,36d201bf6a31f2ee460def09401e3e388e1b802b79e2919ddb3cd55895811b47,B-private-mirror,hard_09,9,hard_01,3,0.3634966104424249,0.08020882055019085,True,58,11,False,2000,399,1942,True,4,4,0.11239229500000647,False,,hard_03,0.7226815314232469,3,25239.434387648515,0.8960646088635487,1.0981907531445494
application_primary,APP-PRIMARY,363,1000363,2000363,36d201bf6a31f2ee460def09401e3e388e1b802b79e2919ddb3cd55895811b47,B-private-mirror,hard_09,9,hard_01,5,0.2934795760647029,0.13503761372560852,True,63,12,False,2000,399,1937,True,4,4,0.11766113900000619,False,,hard_03,0.7714796396657492,3,21994.38895612322,0.8985059926862189,1.1278647885484363
application_primary,APP-PRIMARY,364,1000364,2000364,36d201bf6a31f2ee460def09401e3e388e1b802b79e2919ddb3cd55895811b47,B-private-mirror,hard_09,9,hard_01,6,0.3921129820880207,0.10730548355586528,True,53,10,False,2000,399,1947,True,4,4,0.1485936459999948,False,,hard_03,0.7577451947474607,3,23010.519623648903,0.8816613166468512,1.0739600719466607
application_primary,APP-PRIMARY,365,1000365,2000365,36d201bf6a31f2ee460def09401e3e388e1b802b79e2919ddb3cd55895811b47,B-private-mirror,hard_09,9,hard_01,6,0.3212953716105345,0.11942073098077582,True,78,15,False,2000,399,1922,True,4,4,0.11475564899998858,False,,hard_03,0.7145741760510252,3,22970.988344003596,0.8977876813121137,1.1008389167280381
application_primary,APP-PRIMARY,366,1000366,2000366,36d201bf6a31f2ee460def09401e3e388e1b802b79e2919ddb3cd55895811b47,B-private-mirror,hard_09,9,hard_01,6,0.34574121446066075,0.09483345212916738,True,38,7,False,2000,399,1962,True,4,4,0.14842800999997507,False,,hard_03,0.7561804844632377,3,21518.487775204045,0.8332548878460114,1.1494603871869167
application_primary,APP-PRIMARY,367,1000367,2000367,36d201bf6a31f2ee460def09401e3e388e1b802b79e2919ddb3cd55895811b47,B-private-mirror,hard_09,9,hard_01,5,0.32344429773014866,0.12410607938273727,True,58,11,False,2000,399,1942,True,4,4,0.15353377799999635,False,,hard_03,0.7660200184775668,3,20469.308625912232,0.9114897622659998,1.1146986573871736
application_primary,APP-PRIMARY,368,1000368,2000368,36d201bf6a31f2ee460def09401e3e388e1b802b79e2919ddb3cd55895811b47,B-private-mirror,hard_09,9,hard_01,4,0.3065835822980265,0.16703667183938886,True,68,13,False,2000,399,1932,True,4,4,0.11668849599999476,False,,hard_03,0.7536992966905679,3,23258.439984947705,0.9125183366754375,1.1133996635220875
application_primary,APP-PRIMARY,369,1000369,2000369,36d201bf6a31f2ee460def09401e3e388e1b802b79e2919ddb3cd55895811b47,B-private-mirror,hard_09,9,hard_01,3,0.2603019766265447,0.10899193391356066,True,38,7,False,2000,399,1962,True,4,4,0.15450172800001383,False,,hard_03,0.7428638122438211,3,24658.355970132438,0.9185845418331197,1.0796365544352404
application_primary,APP-PRIMARY,370,1000370,2000370,36d201bf6a31f2ee460def09401e3e388e1b802b79e2919ddb3cd55895811b47,B-private-mirror,hard_09,9,hard_01,7,0.4254880902499704,0.09436713765314647,True,43,8,False,2000,399,1957,True,4,4,0.11040432599997985,False,,hard_03,0.7276523357486677,3,24662.655910587935,0.8727704808914425,1.0617079737780928
application_primary,APP-PRIMARY,371,1000371,2000371,36d201bf6a31f2ee460def09401e3e388e1b802b79e2919ddb3cd55895811b47,B-private-mirror,hard_01,1,hard_09,5,0.4307855816469501,0.00383315935253975,True,118,23,False,2000,399,1882,True,4,4,0.11197416400000293,False,,hard_05,0.4077266108042843,3,23646.353629148118,9.943632785586017,119.77803498331926
application_primary,APP-PRIMARY,372,1000372,2000372,36d201bf6a31f2ee460def09401e3e388e1b802b79e2919ddb3cd55895811b47,B-private-mirror,hard_09,9,hard_01,6,0.28372427230504416,0.22824921995471203,True,48,9,False,2000,399,1952,True,4,4,0.1893225230000155,False,,hard_03,0.7647851692192106,3,23737.03509999677,0.8514364129694896,1.0815899902284625
application_primary,APP-PRIMARY,373,1000373,2000373,36d201bf6a31f2ee460def09401e3e388e1b802b79e2919ddb3cd55895811b47,B-private-mirror,hard_09,9,hard_13,6,0.4104607439470274,0.12423576469830894,True,78,15,False,2000,399,1922,True,4,4,0.1134942580000029,False,,hard_03,0.7537692888486047,3,23450.17112667093,0.9395164048093838,1.1057568243182458
application_primary,APP-PRIMARY,374,1000374,2000374,36d201bf6a31f2ee460def09401e3e388e1b802b79e2919ddb3cd55895811b47,B-private-mirror,hard_09,9,hard_13,6,0.4339429391093766,0.063202560613485,True,73,14,False,2000,399,1927,True,4,4,0.11047173100001828,False,,hard_03,0.7323147810724696,3,24675.650280942842,0.9032372946582528,1.0964349029699614
application_primary,APP-PRIMARY,375,1000375,2000375,36d201bf6a31f2ee460def09401e3e388e1b802b79e2919ddb3cd55895811b47,B-private-mirror,hard_09,9,hard_13,6,0.39288456039964875,0.1571154396003513,True,58,11,False,2000,399,1942,True,4,4,0.18579910700000823,False,,hard_03,0.741010292688069,3,22830.640576077243,0.8964838170036851,1.1082071848624018
application_primary,APP-PRIMARY,376,1000376,2000376,36d201bf6a31f2ee460def09401e3e388e1b802b79e2919ddb3cd55895811b47,B-private-mirror,hard_09,9,hard_13,6,0.39731097181661545,0.11213405762841078,True,53,10,False,2000,399,1947,True,4,4,0.17475230299999112,False,,hard_03,0.7528524082558511,3,23716.695779816757,0.9476261341449252,1.1073069557229105
application_primary,APP-PRIMARY,377,1000377,2000377,36d201bf6a31f2ee460def09401e3e388e1b802b79e2919ddb3cd55895811b47,B-private-mirror,hard_09,9,hard_13,6,0.3156814823127236,0.13965453884560058,True,53,10,False,2000,399,1947,True,4,4,0.13444621400000756,False,,hard_03,0.7639338475192675,3,22938.368116865604,0.8540765761955471,1.1616741976609481
application_primary,APP-PRIMARY,378,1000378,2000378,36d201bf6a31f2ee460def09401e3e388e1b802b79e2919ddb3cd55895811b47,B-private-mirror,hard_09,9,hard_03,6,0.4067509166294229,0.030610484951749672,True,48,9,False,2000,399,1952,True,4,4,0.1541461760000118,False,,hard_03,0.7480808160368515,3,22646.12625450991,0.9075448383959583,1.0819718799600735
application_primary,APP-PRIMARY,379,1000379,2000379,36d201bf6a31f2ee460def09401e3e388e1b802b79e2919ddb3cd55895811b47,B-private-mirror,hard_09,9,hard_13,5,0.3757577185358453,0.09576186352655491,True,68,13,False,2000,399,1932,True,4,4,0.17916176800000017,False,,hard_03,0.750515455736424,3,21701.701151672412,0.8520125560310211,1.1270458132864958
application_primary,APP-PRIMARY,380,1000380,2000380,36d201bf6a31f2ee460def09401e3e388e1b802b79e2919ddb3cd55895811b47,B-private-mirror,hard_09,9,hard_13,7,0.4003639007861561,0.11792886057682533,True,48,9,False,2000,399,1952,True,4,4,0.11852056399999356,False,,hard_03,0.7395126956107234,3,24253.98165297062,0.8970175803568657,1.1023281351936
application_primary,APP-PRIMARY,381,1000381,2000381,36d201bf6a31f2ee460def09401e3e388e1b802b79e2919ddb3cd55895811b47,B-private-mirror,hard_09,9,hard_01,6,0.23494955732705294,0.16842734469489876,True,43,8,False,2000,399,1957,True,4,4,0.14594553899999596,False,,hard_03,0.7442205420468035,3,23193.619564012388,0.8387900244469153,1.0859815278910676
application_primary,APP-PRIMARY,382,1000382,2000382,36d201bf6a31f2ee460def09401e3e388e1b802b79e2919ddb3cd55895811b47,B-private-mirror,hard_09,9,hard_01,5,0.33193795730791287,0.19469459899534935,True,58,11,False,2000,399,1942,True,4,4,0.12885884600001418,False,,hard_03,0.7364760323673679,3,25191.79496866789,0.874626942061439,1.1178464570715894
application_primary,APP-PRIMARY,383,1000383,2000383,36d201bf6a31f2ee460def09401e3e388e1b802b79e2919ddb3cd55895811b47,B-private-mirror,hard_09,9,hard_01,4,0.35780074495294406,0.09453880855969815,True,43,8,False,2000,399,1957,True,4,4,0.1373938209999892,False,,hard_03,0.7526756523691469,3,22937.085940419358,0.8645234826694921,1.05871448759064
application_primary,APP-PRIMARY,384,1000384,2000384,36d201bf6a31f2ee460def09401e3e388e1b802b79e2919ddb3cd55895811b47,B-private-mirror,hard_09,9,hard_01,5,0.2888868167146206,0.20217655308430071,True,38,7,False,2000,399,1962,True,4,4,0.17679332500000555,False,,hard_03,0.7152671217579817,3,24658.453012589078,0.8979403429715579,1.0888767186588486
application_primary,APP-PRIMARY,385,1000385,2000385,36d201bf6a31f2ee460def09401e3e388e1b802b79e2919ddb3cd55895811b47,B-private-mirror,hard_01,1,hard_09,4,0.4202831499281039,0.020728931747387103,True,148,29,False,2000,399,1852,True,4,4,0.14411475699998277,False,,hard_05,0.4109034976992662,3,14477.568489493031,7.688036835509854,67.96644888013589
application_primary,APP-PRIMARY,386,1000386,2000386,36d201bf6a31f2ee460def09401e3e388e1b802b79e2919ddb3cd55895811b47,B-private-mirror,hard_09,9,hard_01,5,0.33218757069139443,0.15383606586945903,True,58,11,False,2000,399,1942,True,4,4,0.11232279099999687,False,,hard_03,0.7358863457470205,3,24416.448200504783,0.8883646248564545,1.1104152196110355
application_primary,APP-PRIMARY,387,1000387,2000387,36d201bf6a31f2ee460def09401e3e388e1b802b79e2919ddb3cd55895811b47,B-private-mirror,hard_09,9,hard_13,5,0.3288486928512708,0.20848186261309315,True,53,10,False,2000,399,1947,True,4,4,0.13392184500000326,False,,hard_03,0.7569559001594298,3,22843.888916873468,0.8820207825969552,1.1195496162879734
application_primary,APP-PRIMARY,388,1000388,2000388,36d201bf6a31f2ee460def09401e3e388e1b802b79e2919ddb3cd55895811b47,B-private-mirror,hard_09,9,hard_01,4,0.38244567562226467,0.013688284665076489,True,43,8,False,2000,399,1957,True,4,4,0.16290077600001496,False,,hard_03,0.7799345636559333,3,22547.159101971454,0.8424616004907854,1.0372642683362738
application_primary,APP-PRIMARY,389,1000389,2000389,36d201bf6a31f2ee460def09401e3e388e1b802b79e2919ddb3cd55895811b47,B-private-mirror,hard_09,9,hard_01,4,0.3632976495678059,0.0915716259321161,True,53,10,False,2000,399,1947,True,4,4,0.16273559100000057,False,,hard_03,0.7334587204618758,3,24210.50482272979,0.8959175350161015,1.1428746663499567
application_primary,APP-PRIMARY,390,1000390,2000390,36d201bf6a31f2ee460def09401e3e388e1b802b79e2919ddb3cd55895811b47,B-private-mirror,hard_09,9,hard_01,3,0.29082871137886135,0.043715182182841095,True,53,10,False,2000,399,1947,True,4,4,0.17332763999999656,False,,hard_03,0.7485971138275397,3,23166.77416223926,0.8465689315907984,1.121376384443252
application_primary,APP-PRIMARY,391,1000391,2000391,36d201bf6a31f2ee460def09401e3e388e1b802b79e2919ddb3cd55895811b47,B-private-mirror,hard_09,9,candidate_anchor_00,7,0.3636968987416283,0.15987541298705216,True,73,14,False,2000,399,1927,True,4,4,0.1217482809999808,False,,hard_03,0.7452131839091092,3,22292.621118725325,0.8732964127696519,1.1268600567519809
application_primary,APP-PRIMARY,392,1000392,2000392,36d201bf6a31f2ee460def09401e3e388e1b802b79e2919ddb3cd55895811b47,B-private-mirror,hard_09,9,hard_01,6,0.37308573683707824,0.12564040059334236,True,63,12,False,2000,399,1937,True,4,4,0.17063940200000616,False,,hard_03,0.7710326456948482,3,23497.49590136317,0.9131996471400327,1.0806328162362124
application_primary,APP-PRIMARY,393,1000393,2000393,36d201bf6a31f2ee460def09401e3e388e1b802b79e2919ddb3cd55895811b47,B-private-mirror,hard_09,9,hard_01,5,0.3445487119068118,0.04730207511538703,True,43,8,False,2000,399,1957,True,4,4,0.13494157400000972,False,,hard_03,0.7868726909414553,3,22146.939036654225,0.8820832223615872,1.1031009424013778
application_primary,APP-PRIMARY,394,1000394,2000394,36d201bf6a31f2ee460def09401e3e388e1b802b79e2919ddb3cd55895811b47,B-private-mirror,hard_09,9,hard_01,5,0.28144853428435723,0.10436952273681316,True,73,14,False,2000,399,1927,True,4,4,0.11273918899999558,False,,hard_03,0.7310590972757898,3,25354.45769400037,0.892777083064209,1.1239371347067757
application_primary,APP-PRIMARY,395,1000395,2000395,36d201bf6a31f2ee460def09401e3e388e1b802b79e2919ddb3cd55895811b47,B-private-mirror,hard_09,9,hard_01,6,0.4375307106271078,0.07048066203095349,True,58,11,False,2000,399,1942,True,4,4,0.15921332699997492,False,,hard_03,0.7596188329088996,3,22865.193674661154,0.850301289547053,1.0419220834330236
application_primary,APP-PRIMARY,396,1000396,2000396,36d201bf6a31f2ee460def09401e3e388e1b802b79e2919ddb3cd55895811b47,B-private-mirror,hard_09,9,hard_01,6,0.3433564918251226,0.12178775254601487,True,53,10,False,2000,399,1947,True,4,4,0.11972618600000828,False,,hard_03,0.758974950146232,3,22948.753794721513,0.8788598268569527,1.0994140638691958
application_primary,APP-PRIMARY,397,1000397,2000397,36d201bf6a31f2ee460def09401e3e388e1b802b79e2919ddb3cd55895811b47,B-private-mirror,hard_09,9,hard_01,5,0.2932853577585835,0.2207407604552733,True,78,15,False,2000,399,1922,True,4,4,0.19249679500001093,False,,hard_03,0.760665306213145,3,23585.759455386888,0.9034411710245754,1.1471193578982484
application_primary,APP-PRIMARY,398,1000398,2000398,36d201bf6a31f2ee460def09401e3e388e1b802b79e2919ddb3cd55895811b47,B-private-mirror,hard_09,9,hard_01,5,0.2896116403823339,0.17983295663972781,True,48,9,False,2000,399,1952,True,4,4,0.1660547319999921,False,,hard_03,0.7753826466895162,3,23250.139236817213,0.8682679967812599,1.1174220368711971
application_primary,APP-PRIMARY,399,1000399,2000399,36d201bf6a31f2ee460def09401e3e388e1b802b79e2919ddb3cd55895811b47,B-private-mirror,hard_09,9,hard_01,6,0.3702804392999012,0.1163673416978056,True,58,11,False,2000,399,1942,True,4,4,0.1121138510000037,False,,hard_03,0.7271907084919509,3,24593.22851978985,0.8577863887302362,1.085085514308414
